,0,1,2,3,4,5,6,7,8,9,10,11,12,13,14,15,16,17,18,19,20,21,22,23,24,25,26,27,28,29,30,31,32,33,34,35,36,37,38,39
0,2.1776779,1.2709333,0.6582315,2.51761,0.0,2.0996144,0.0,2.0133522,0.0,2.5866063,2.7539256,2.6717632,2.1715746,1.8692688,2.5028315,2.280875,0.0,1.8957891,0.0,2.810712,0.0,0.0,0.0,0.0,2.431389,0.0,2.4684901,1.5303421,2.0534194,0.9785329,0.0,2.2455716,1.7771448,2.4701965,1.807228,1.9536179,2.0344546,2.6082463,0.0,2.25285
1,2.2398407,1.3121688,0.7501956,2.6897678,0.0,2.004282,0.0,2.0876782,0.0,2.371077,3.1723638,2.2049594,1.9008603,1.5560486,2.175855,1.9284195,0.0,1.8562772,0.0,2.689332,0.0,0.0,0.0,0.0,2.0686853,0.0,2.3194287,1.9448181,1.8382682,0.9874785,0.0,2.187688,1.8238257,2.320251,1.5768925,2.1064248,1.6726944,2.4928045,0.0,2.0427003
2,2.2809956,1.3611946,0.7839503,2.7237136,0.0,1.8734384,0.0,2.0821035,0.0,2.069056,3.4340944,1.7545079,1.6368729,1.3619227,1.8944465,1.690022,0.0,1.9128072,0.0,2.437924,0.0,0.0,0.0,0.0,1.70268,0.0,2.0493698,2.265191,1.6835314,1.1609874,0.0,2.1436803,1.8519996,2.162415,1.40454,2.2206063,1.3602322,2.2587154,0.0,1.8091015
3,2.3572438,1.4648951,0.82243645,2.6983793,0.0,1.8610728,0.0,2.0317721,0.0,1.8253622,3.579961,1.5103625,1.4785169,1.3479596,1.780291,1.6500814,0.0,2.06243,0.0,2.200013,0.0,0.0,0.0,0.0,1.5015306,0.0,1.8540015,2.538373,1.6738842,1.4390342,0.0,2.2225025,1.9365637,2.1464763,1.3836793,2.3697138,1.210442,2.075368,0.0,1.7085739
4,2.5087874,1.5908909,0.88037205,2.6760197,0.0,1.9603105,0.0,2.0080004,0.0,1.707652,3.695069,1.4961486,1.419525,1.4667712,1.816,1.7688587,0.0,2.294206,0.0,2.0915873,0.0,0.0,0.0,0.0,1.4801652,0.0,1.7724146,2.7789319,1.7776098,1.7597309,0.0,2.3701544,2.042512,2.2129102,1.4682283,2.505393,1.2324497,1.9968638,0.0,1.7296493
5,2.6546454,1.6751399,0.9008368,2.6252873,0.0,2.0636,0.0,1.9552249,0.0,1.6678585,3.7553177,1.5670755,1.3902506,1.5915055,1.8850973,1.9680657,0.0,2.5220726,0.0,2.0456903,0.0,0.0,0.0,0.0,1.5500115,0.0,1.7414963,2.9650939,1.9140735,2.0297024,0.0,2.5021112,2.1139886,2.3073497,1.5495874,2.5796971,1.3156041,1.9577495,0.0,1.7884243
6,2.7790086,1.7149155,0.886124,2.5433886,0.0,2.1351693,0.0,1.8685395,0.0,1.7074134,3.756658,1.670494,1.3584257,1.6749256,1.9458436,2.2190688,0.0,2.7356176,0.0,2.0520046,0.0,0.0,0.0,0.0,1.6812694,0.0,1.7437941,3.1147928,2.0438337,2.2407308,0.0,2.6001475,2.1358204,2.3931434,1.5962085,2.587144,1.4287931,1.9410328,0.0,1.8585953
7,2.8399863,1.6843867,0.85166967,2.4225814,0.0,2.1639197,0.0,1.724465,0.0,1.8235044,3.6599529,1.7697883,1.2964603,1.70311,1.966093,2.49046,0.0,2.9190917,0.0,2.0882344,0.0,0.0,0.0,0.0,1.8537025,0.0,1.7862116,3.225673,2.1300933,2.415152,0.0,2.6440465,2.074462,2.4395308,1.5848379,2.4989996,1.5556686,1.9385117,0.0,1.9245028
8,2.8130238,1.5923617,0.87004936,2.287316,0.0,2.1733372,0.0,1.528462,0.0,2.105736,3.4060209,1.9078922,1.2335817,1.7029926,1.9519035,2.8231206,0.0,3.1043103,0.0,2.1813395,0.0,0.0,0.0,0.0,2.1075602,0.0,1.9060408,3.2928364,2.179393,2.58005,0.0,2.6650777,1.9668638,2.4406304,1.5419247,2.2913375,1.699396,1.986844,0.0,2.0048027
9,2.580717,1.4096812,1.0255891,1.9852307,0.0,2.101097,0.0,1.2519549,0.0,2.6840417,2.8439965,2.1094666,1.206848,1.5861303,1.8944951,3.137372,0.0,3.2415574,0.0,2.3092232,0.0,0.0,0.0,0.0,2.3817408,0.0,2.092546,3.2546465,2.1405888,2.6880581,0.0,2.6401231,1.8193268,2.2640743,1.5297582,1.8957866,1.8818024,2.0852628,0.0,2.123538
10,2.0077693,1.2639625,1.3842427,1.5852072,0.0,1.9152246,0.0,0.97881025,0.0,3.3926466,1.8043188,2.2714987,1.3322644,1.438484,1.8216885,3.1548638,0.0,3.1619291,0.0,2.3295085,0.0,0.0,0.0,0.0,2.5379884,0.0,2.2604022,2.837425,1.9685415,2.6587777,0.0,2.5495646,1.6811029,1.7933388,1.7241689,1.3463337,2.0154886,2.1357782,0.0,2.1628108
11,1.4007033,1.3336112,1.8432709,1.3695825,0.0,1.8190651,0.0,0.88703376,0.0,3.7708507,0.89266604,2.4140162,1.6751469,1.4289873,1.8910025,2.8729284,0.0,2.8989103,0.0,2.214299,0.0,0.0,0.0,0.0,2.5158439,0.0,2.366918,2.2667456,1.8393403,2.5671763,0.0,2.4739935,1.7039495,1.358226,2.1054199,0.95677996,2.0810947,2.2103863,0.0,2.1443596
12,1.038784,1.4475493,2.124378,1.3038998,0.0,1.7797613,0.0,0.9863833,0.0,3.811329,0.4996028,2.4882233,1.9707638,1.575428,2.070267,2.531848,0.0,2.630449,0.0,2.0906103,0.0,0.0,0.0,0.0,2.412705,0.0,2.3907974,1.8174598,1.762039,2.4842513,0.0,2.449996,1.8953998,1.0789316,2.4550946,0.91430694,2.0901072,2.182078,0.0,2.0572357
13,0.7460534,1.5269936,2.1625714,1.2918156,0.0,1.6216407,0.0,1.0272281,0.0,3.562132,0.33618057,2.3402889,2.0952678,1.7328371,2.2355037,2.2568576,0.0,2.3735316,0.0,1.8756766,0.0,0.0,0.0,0.0,2.231397,0.0,2.287019,1.4632092,1.6952336,2.4026134,0.0,2.3449333,2.0922801,0.8701624,2.6852605,0.9834095,1.9842147,2.0437648,0.0,1.8630745
14,0.47213963,1.49494,1.9937524,1.2308823,0.0,1.3746047,0.0,0.92934424,0.0,3.0884197,0.26569137,2.0824862,2.076914,1.8295277,2.3538418,2.026014,0.0,2.0968537,0.0,1.5753053,0.0,0.0,0.0,0.0,2.0285957,0.0,2.0964658,1.1459014,1.6075817,2.2812212,0.0,2.0915794,2.2309299,0.6755784,2.7565458,1.0799078,1.8180643,1.772585,0.0,1.5658786
15,0.33701006,1.4785857,1.8081859,1.167546,0.0,1.2260826,0.0,0.8400822,0.0,2.5633264,0.2921976,1.929264,2.0833,1.9211833,2.5309136,1.9099941,0.0,1.8845572,0.0,1.2925313,0.0,0.0,0.0,0.0,1.9615166,0.0,1.8957312,0.9278278,1.5618414,2.2293692,0.0,1.7611247,2.3598664,0.65666837,2.8063483,1.2775224,1.7485331,1.4944118,0.0,1.2655395
16,0.28634587,1.4582267,1.6935546,1.084744,0.0,1.1904407,0.0,0.72178847,0.0,1.9457433,0.3359104,1.9058474,2.064968,1.9092851,2.6716373,1.7715116,0.0,1.6477048,0.0,0.952557,0.0,0.0,0.0,0.0,2.0229073,0.0,1.629443,0.7785867,1.5034909,2.2456303,0.0,1.2501343,2.3457444,0.78233397,2.7893693,1.5147665,1.7373701,1.1947783,0.0,0.9314041
17,0.5203021,1.5040511,1.8476187,1.0225949,0.0,1.3924785,0.0,0.66991997,0.0,1.389113,0.39943603,2.150945,2.1435823,1.7594559,2.7368214,1.6386132,0.0,1.479957,0.0,0.66741604,0.0,0.0,0.0,0.0,2.2460139,0.0,1.3259317,0.79331094,1.4475489,2.3097517,0.0,0.6357808,2.1705918,1.1391596,2.7544081,1.7074183,1.8489205,0.9799295,0.0,0.67562705
18,0.9550201,1.618111,2.2033904,0.97113204,0.0,1.7402194,0.0,0.74165624,0.0,1.1087716,0.4649523,2.5064473,2.1830618,1.4397076,2.4976192,1.4674746,0.0,1.4239476,0.0,0.53275293,0.0,0.0,0.0,0.0,2.4587219,0.0,1.0657853,0.99038446,1.3352692,2.3388736,0.0,0.19460995,1.7617048,1.6268377,2.5736732,1.707105,2.0171945,0.91609603,0.0,0.5872741
19,1.3556517,1.7277038,2.568042,0.9583645,0.0,2.0319264,0.0,0.9408662,0.0,1.2005299,0.5042115,2.7391963,2.2336216,1.091015,2.0947926,1.2889637,0.0,1.4734449,0.0,0.5822039,0.0,0.0,0.0,0.0,2.5413206,0.0,0.94834036,1.2515349,1.2536072,2.3009722,0.0,0.15901645,1.3070283,2.0335364,2.404918,1.586929,2.1428187,0.9717162,0.0,0.7029338
20,1.7109383,1.8902841,2.8943229,1.0325898,0.0,2.2883573,0.0,1.2212863,0.0,1.5098853,0.56527454,2.9266536,2.3532057,0.9291452,1.788757,1.242342,0.0,1.6669216,0.0,0.7119195,0.0,0.0,0.0,0.0,2.6266053,0.0,1.0098596,1.5241455,1.2486129,2.3430145,0.0,0.44048995,1.1065441,2.2713878,2.3812337,1.4933337,2.3057346,1.1921059,0.0,0.8821185
21,1.9025458,2.0297055,3.1678672,1.1457807,0.0,2.4456995,0.0,1.4541644,0.0,1.8688836,0.60693675,2.9866536,2.4639363,0.8764527,1.5662286,1.2218393,0.0,1.8673327,0.0,0.8374458,0.0,0.0,0.0,0.0,2.679796,0.0,1.1358055,1.744503,1.3088522,2.3896773,0.0,0.81168205,1.031899,2.3970475,2.4546998,1.4350898,2.4289188,1.3966211,0.0,1.0749567
22,1.9484473,2.1607997,3.3404424,1.2499518,0.0,2.4484208,0.0,1.6486622,0.0,2.1960864,0.60517,2.8873866,2.5450604,0.878731,1.3762321,1.1999544,0.0,2.0610614,0.0,0.9048403,0.0,0.0,0.0,0.0,2.680693,0.0,1.2322958,1.8861265,1.3776783,2.3900523,0.0,1.1866415,1.0191402,2.4029455,2.543919,1.3519607,2.4995706,1.5516452,0.0,1.1737142
23,1.8881342,2.2494256,3.4166596,1.3576319,0.0,2.3704066,0.0,1.8114592,0.0,2.4792478,0.5993202,2.6631083,2.5985682,0.9245348,1.1691487,1.17752,0.0,2.2426193,0.0,0.91791373,0.0,0.0,0.0,0.0,2.634826,0.0,1.3059353,1.971765,1.4664713,2.3365054,0.0,1.5658739,1.0415909,2.3075273,2.6172578,1.2382401,2.534094,1.6864429,0.0,1.1930765
24,1.7436634,2.387026,3.3759685,1.5142994,0.0,2.1989853,0.0,1.9972908,0.0,2.7339668,0.6709461,2.266837,2.6331794,1.0680094,1.0263768,1.232154,0.0,2.5139754,0.0,0.9323482,0.0,0.0,0.0,0.0,2.5885737,0.0,1.3843287,2.041446,1.6470366,2.198407,0.0,2.030809,1.1495429,2.196511,2.7871177,1.137938,2.5502443,1.8486354,0.0,1.1705235
25,1.6172298,2.6027598,3.3140967,1.7756499,0.0,2.0982301,0.0,2.198893,0.0,2.9267192,0.9648049,1.8290467,2.672019,1.3378618,1.0830969,1.4398859,0.0,2.8785422,0.0,1.0770568,0.0,0.0,0.0,0.0,2.5589197,0.0,1.5346173,2.1568787,1.9949632,2.0408638,0.0,2.5944562,1.3506374,2.1213334,3.0651298,1.0861083,2.556704,2.028129,0.0,1.2160436
26,1.5038933,2.8270972,3.064713,2.082198,0.0,2.111636,0.0,2.2748754,0.0,2.8351479,1.3871459,1.4622595,2.612764,1.6339765,1.2690262,1.7239147,0.0,3.199296,0.0,1.2803558,0.0,0.0,0.0,0.0,2.468518,0.0,1.6391143,2.2317555,2.38808,1.85896,0.0,3.0768843,1.5847024,2.0985897,3.3118956,1.0168098,2.4995801,2.1868186,0.0,1.2792983
27,1.3597945,2.8814807,2.731013,2.2503033,0.0,2.2140453,0.0,2.1868024,0.0,2.4194622,1.7462137,1.2248987,2.3505635,1.7804412,1.4329566,1.91704,0.0,3.2940576,0.0,1.4927595,0.0,0.0,0.0,0.0,2.2541301,0.0,1.5959171,2.1589746,2.6056807,1.6013098,0.0,3.1746151,1.6979191,2.0308557,3.3819687,0.8933062,2.2989595,2.166222,0.0,1.2996464
28,1.3489903,2.8493674,2.6004038,2.2826302,0.0,2.4853985,0.0,2.0223572,0.0,1.8983521,1.9887544,1.3173527,2.0585108,1.7428806,1.5577694,1.9452175,0.0,3.2477987,0.0,1.6609064,0.0,0.0,0.0,0.0,2.0442479,0.0,1.4780513,2.1003067,2.6860478,1.4704096,0.0,2.9684062,1.6730858,2.0269015,3.400374,0.77159506,2.111633,2.0644226,0.0,1.3748422
29,1.5149468,2.8197076,2.797904,2.2552218,0.0,2.9182165,0.0,1.8941523,0.0,1.4741111,2.1128743,1.7267537,1.8439788,1.6352564,1.659942,1.8956716,0.0,3.189634,0.0,1.842167,0.0,0.0,0.0,0.0,1.9218616,0.0,1.3406973,2.113016,2.6843832,1.5651438,0.0,2.6284788,1.5874861,2.0666397,3.4512074,0.6979174,2.0035934,1.9131992,0.0,1.5465097
30,1.7089318,2.645563,3.0637228,2.0999565,0.0,3.2784524,0.0,1.718732,0.0,1.1638378,2.0473776,2.2251182,1.6632906,1.4292871,1.6036625,1.7110231,0.0,3.0360606,0.0,1.8971328,0.0,0.0,0.0,0.0,1.7948546,0.0,1.1318694,2.1978114,2.5514944,1.741688,0.0,2.1807883,1.4012496,2.0369048,3.4062607,0.6359735,1.9086047,1.6701932,0.0,1.696599
31,1.8659139,2.375837,3.2820404,1.8999687,0.0,3.4561932,0.0,1.5738362,0.0,1.0111028,1.8294511,2.6275249,1.548181,1.2176104,1.4858563,1.4949243,0.0,2.8167517,0.0,1.8661078,0.0,0.0,0.0,0.0,1.698864,0.0,0.92982924,2.2674084,2.363472,1.9249126,0.0,1.7714711,1.216333,1.9266524,3.2914994,0.61530024,1.8214014,1.3960326,0.0,1.7928232
32,2.0006616,2.1430125,3.4247937,1.7437971,0.0,3.5081813,0.0,1.5191543,0.0,1.0411502,1.5990111,2.8833926,1.5379232,1.0864786,1.4034117,1.3550664,0.0,2.6847098,0.0,1.8215176,0.0,0.0,0.0,0.0,1.6872369,0.0,0.82683516,2.3762891,2.249808,2.1253414,0.0,1.558101,1.130556,1.8154643,3.2590177,0.68866277,1.8171226,1.1791649,0.0,1.9006529
33,2.0624564,1.887002,3.4457884,1.6113698,0.0,3.452782,0.0,1.4682633,0.0,1.1472272,1.3776067,2.9835565,1.5335935,1.0009052,1.321942,1.257369,0.0,2.5643027,0.0,1.7437965,0.0,0.0,0.0,0.0,1.6971519,0.0,0.7447748,2.4744284,2.1822174,2.2412581,0.0,1.4497589,1.0895901,1.6508862,3.215778,0.76673925,1.8341331,0.96287113,0.0,1.9448142
34,2.033107,1.5951664,3.3293905,1.4931859,0.0,3.2898197,0.0,1.4164293,0.0,1.2933123,1.1371855,2.9189274,1.4999481,0.93559575,1.2517906,1.210918,0.0,2.4551463,0.0,1.6325686,0.0,0.0,0.0,0.0,1.7051885,0.0,0.66877323,2.5577657,2.181454,2.2452452,0.0,1.4125818,1.0886728,1.4512877,3.169149,0.8643747,1.8403177,0.73450905,0.0,1.9484518
35,1.9352369,1.2959301,3.0813692,1.3939383,0.0,3.0506344,0.0,1.3270273,0.0,1.4467415,0.88256234,2.7215471,1.426636,0.9072927,1.1684388,1.1896275,0.0,2.3836362,0.0,1.5302818,0.0,0.0,0.0,0.0,1.7417046,0.0,0.6038559,2.571105,2.2077475,2.1911752,0.0,1.4009844,1.0930225,1.161805,3.1735032,0.9502245,1.8358815,0.5244144,0.0,1.9102926
36,1.7921488,0.98353195,2.6750116,1.3392162,0.0,2.7542934,0.0,1.2420701,0.0,1.6566194,0.68201023,2.4354544,1.3309114,0.9407141,1.1662976,1.242373,0.0,2.305385,0.0,1.4492836,0.0,0.0,0.0,0.0,1.817337,0.0,0.6313313,2.5316198,2.2701383,2.0353892,0.0,1.4925493,1.134256,0.808108,3.1857305,1.0757631,1.816022,0.37377208,0.0,1.8635842
37,1.5399457,0.64647895,1.9773368,1.2494562,0.0,2.2359867,0.0,1.1244928,0.0,1.863059,0.56699705,1.9156908,1.1523801,0.986429,1.3124751,1.3520062,0.0,2.1124263,0.0,1.3244215,0.0,0.0,0.0,0.0,1.8356378,0.0,0.729344,2.2635329,2.2512143,1.6125906,0.0,1.6905435,1.1986285,0.4962952,3.0203874,1.2526429,1.6066983,0.2954815,0.0,1.7310207
38,1.3476064,0.54710203,1.276944,1.1997331,0.0,1.7831473,0.0,1.0907531,0.0,2.0094264,0.69691753,1.4686074,1.0904223,1.0910419,1.6470215,1.4921892,0.0,1.8368504,0.0,1.2541198,0.0,0.0,0.0,0.0,1.7923167,0.0,0.98117626,1.830362,2.098418,1.1904178,0.0,2.0433676,1.3469607,0.4243567,2.7361212,1.4760282,1.3266795,0.4974963,0.0,1.5914786
39,1.3452123,0.8549813,0.9072815,1.2469709,0.0,1.629267,0.0,1.2637688,0.0,2.1122272,1.0826372,1.3875176,1.1084164,1.2870104,2.1485574,1.631417,0.0,1.648443,0.0,1.3386782,0.0,0.0,0.0,0.0,1.7064998,0.0,1.3709929,1.421256,1.8643419,0.96871555,0.0,2.446652,1.6177677,0.6710999,2.4412918,1.7641468,1.0883516,0.9947668,0.0,1.5309036
40,1.4306461,1.2667369,0.9290298,1.2209247,0.0,1.7263618,0.0,1.5141288,0.0,2.0846195,1.4710455,1.5395417,1.1173893,1.4452903,2.5848832,1.609371,0.0,1.4718413,0.0,1.4326723,0.0,0.0,0.0,0.0,1.4492204,0.0,1.7649506,1.1669763,1.5334501,0.94512904,0.0,2.7779787,1.876386,0.98834616,2.1770718,1.8887784,0.8669135,1.5095129,0.0,1.5072713
41,1.6567986,1.6920352,1.2398161,1.1953787,0.0,2.0625045,0.0,1.8082882,0.0,2.065168,1.8888223,1.8870072,1.2167177,1.6598946,2.9019566,1.5480057,0.0,1.430641,0.0,1.5631403,0.0,0.0,0.0,0.0,1.1668863,0.0,2.09258,1.1731665,1.2727708,1.1648417,0.0,3.0781186,2.1339157,1.3416555,2.107587,1.9883378,0.7784632,1.9926324,0.0,1.6057893
42,1.8527181,1.9928513,1.6426543,1.1192021,0.0,2.4170358,0.0,2.0491242,0.0,1.9523128,2.2241507,2.1925032,1.3258163,1.8455071,3.0222948,1.4588099,0.0,1.4040484,0.0,1.6702474,0.0,0.0,0.0,0.0,0.8784609,0.0,2.3124888,1.3466424,1.0568438,1.496964,0.0,3.2745335,2.307876,1.563226,2.1304145,1.9596503,0.72334,2.2991152,0.0,1.7289546
43,2.0194855,2.1515849,1.9266073,1.0450894,0.0,2.697335,0.0,2.1781964,0.0,1.8405961,2.4438908,2.366709,1.4509748,2.04107,3.021321,1.347153,0.0,1.4004451,0.0,1.7431424,0.0,0.0,0.0,0.0,0.65441716,0.0,2.4497337,1.617132,0.97903734,1.7794288,0.0,3.3877547,2.4330406,1.6735219,2.2075157,1.9114742,0.79607934,2.4956255,0.0,1.8333902
44,2.0688553,2.162723,1.9829985,0.9604045,0.0,2.7883391,0.0,2.1899364,0.0,1.7275652,2.5758967,2.3411796,1.5402905,2.1902971,2.9264455,1.2771246,0.0,1.3534166,0.0,1.7698208,0.0,0.0,0.0,0.0,0.47160232,0.0,2.5124302,1.8721588,0.95994943,1.9215567,0.0,3.38689,2.4808154,1.6856837,2.237942,1.8060359,0.9068641,2.5853553,0.0,1.8777444
45,2.0437007,2.075062,1.8105475,0.8880888,0.0,2.7284892,0.0,2.1140141,0.0,1.6184101,2.6646566,2.1741061,1.6278167,2.3232899,2.7960434,1.2815022,0.0,1.2459139,0.0,1.7840437,0.0,0.0,0.0,0.0,0.35964063,0.0,2.5508633,2.1054554,0.990105,1.9076872,0.0,3.3075974,2.4609635,1.6796038,2.2203238,1.671749,1.0627385,2.6503866,0.0,1.8897809
46,1.978845,1.9504142,1.4419873,0.87225896,0.0,2.5408814,0.0,1.9598004,0.0,1.5109901,2.7118428,1.926617,1.7562604,2.4671013,2.6788533,1.4054378,0.0,1.0700305,0.0,1.8304354,0.0,0.0,0.0,0.0,0.37526593,0.0,2.6085978,2.3015475,1.0700929,1.7659125,0.0,3.1283157,2.3285594,1.7329482,2.144336,1.5420152,1.2869819,2.715642,0.0,1.9039642
47,1.9423778,1.8416048,0.91097677,0.96792746,0.0,2.2150517,0.0,1.7259082,0.0,1.4538885,2.721964,1.7265807,1.9118469,2.5467846,2.5128665,1.6517808,0.0,0.82912433,0.0,1.8792716,0.0,0.0,0.0,0.0,0.58021927,0.0,2.6186416,2.4096997,1.1740745,1.4689724,0.0,2.7795246,2.0546107,1.9195981,1.960406,1.4065162,1.6165253,2.8202553,0.0,1.9067202
48,1.883787,1.7720618,0.3320242,1.1524642,0.0,1.7335367,0.0,1.3859218,0.0,1.3713647,2.5147066,1.5819818,2.0534105,2.4536927,2.2705305,1.9365716,0.0,0.56993055,0.0,1.8564225,0.0,0.0,0.0,0.0,0.98943186,0.0,2.4873934,2.2535784,1.2899814,1.0619566,0.0,2.2147543,1.5382353,2.222285,1.5976472,1.28396,1.871504,2.7905178,0.0,1.8567687
49,1.916876,1.7810271,0.16408895,1.3654075,0.0,1.414053,0.0,1.2543521,0.0,1.3440443,2.267113,1.7880684,2.0861633,2.3372996,2.0337927,2.1894016,0.0,0.50721675,0.0,1.8530544,0.0,0.0,0.0,0.0,1.4751316,0.0,2.2477381,1.9918482,1.3156601,0.8292017,0.0,1.6844186,1.1154495,2.5155044,1.2727883,1.2544376,1.9885337,2.7145936,0.0,1.8862706
50,1.9879266,1.9737862,0.24894641,1.5989492,0.0,1.2687995,0.0,1.2829341,0.0,1.3690071,1.9998091,2.144864,2.098168,2.1686127,1.9108646,2.2920516,0.0,0.5059509,0.0,1.808819,0.0,0.0,0.0,0.0,1.8724827,0.0,2.0052679,1.5982974,1.3072793,0.8185601,0.0,1.3456582,0.8164792,2.7317877,1.045463,1.3015394,1.9220423,2.5989459,0.0,1.8998461
51,2.0504115,2.1339135,0.42838392,1.7494079,0.0,1.2632363,0.0,1.3831211,0.0,1.3812588,1.699529,2.4727182,2.133516,2.0196583,1.9128076,2.2994561,0.0,0.45219088,0.0,1.7048715,0.0,0.0,0.0,0.0,2.1152465,0.0,1.8926752,1.220287,1.3021617,0.9457543,0.0,1.1690773,0.62543094,2.8163657,0.8466078,1.3895351,1.7771026,2.4168196,0.0,1.8512037
52,2.1202505,2.257656,0.6694796,1.8309023,0.0,1.361254,0.0,1.5450983,0.0,1.4022337,1.4643166,2.7681422,2.1152427,1.9563376,1.9829537,2.2228684,0.0,0.3970843,0.0,1.5665911,0.0,0.0,0.0,0.0,2.2115362,0.0,1.8372997,0.9102474,1.2633916,1.1671622,0.0,1.1349415,0.58027786,2.7506385,0.68763053,1.5082425,1.5500084,2.2233446,0.0,1.7991935
53,2.390901,2.541542,1.0360352,1.9693398,0.0,1.7023036,0.0,1.8459215,0.0,1.5574229,1.4416704,3.1949275,2.1592152,2.11956,2.2383063,2.2097256,0.0,0.5688838,0.0,1.5814811,0.0,0.0,0.0,0.0,2.2599843,0.0,1.9451813,0.82376546,1.2937845,1.6256242,0.0,1.4220618,0.77798676,2.7397416,0.72407323,1.748712,1.4046395,2.0771565,0.0,1.8782119
54,2.675017,2.825791,1.4266294,2.1279337,0.0,2.2227845,0.0,2.2445211,0.0,1.7965797,1.5418848,3.645494,2.2132769,2.3989308,2.6192973,2.2034059,0.0,0.88750637,0.0,1.7020785,0.0,0.0,0.0,0.0,2.2994962,0.0,2.155152,0.88316303,1.4157441,2.205443,0.0,1.8538347,1.2300805,2.699708,0.9192694,2.1085982,1.3417431,2.0090296,0.0,2.008632
55,2.8560076,2.9242098,1.6927484,2.2075064,0.0,2.8003392,0.0,2.5508683,0.0,2.0220826,1.707476,3.9140275,2.1995323,2.611268,2.975375,2.1290305,0.0,1.2131143,0.0,1.804513,0.0,0.0,0.0,0.0,2.2215862,0.0,2.3678465,1.0287726,1.5554141,2.7205226,0.0,2.3103719,1.7725472,2.5378437,1.1787158,2.4274335,1.2975742,1.8649278,0.0,2.0812256
56,2.9073951,2.854545,1.7929616,2.2051818,0.0,3.3620071,0.0,2.6743133,0.0,2.172069,1.9267658,3.95737,2.102745,2.6926675,3.221627,1.9740907,0.0,1.5294288,0.0,1.907576,0.0,0.0,0.0,0.0,2.0303457,0.0,2.5457356,1.2309844,1.6898001,3.03981,0.0,2.6773999,2.3298156,2.3171463,1.4914849,2.6640959,1.3049673,1.6919825,0.0,2.0710282
57,2.9683387,2.7110412,1.8707861,2.2097826,0.0,3.9720912,0.0,2.6706984,0.0,2.3196623,2.2725601,3.9713595,2.0203497,2.6974595,3.4085114,1.8338115,0.0,1.8971716,0.0,2.0742843,0.0,0.0,0.0,0.0,1.8664094,0.0,2.7128007,1.523662,1.9126863,3.2000349,0.0,2.984863,2.8682654,2.2026126,1.9619789,2.8537722,1.4640317,1.5934992,0.0,2.0871232
58,2.9725664,2.3975892,1.8467388,2.1218889,0.0,4.436462,0.0,2.44562,0.0,2.2884917,2.635511,3.896465,1.8719244,2.5105183,3.3144653,1.6339064,0.0,2.1544101,0.0,2.160584,0.0,0.0,0.0,0.0,1.6358697,0.0,2.7282217,1.7520491,2.0877023,3.0720186,0.0,3.0425487,3.1468954,2.1676927,2.3618667,2.866189,1.5902339,1.5403876,0.0,2.0724785
59,2.9365792,2.0228462,1.889124,1.9615576,0.0,4.7459536,0.0,2.0235536,0.0,2.0783815,3.0327525,3.8502743,1.6478442,2.1562827,3.0164366,1.3785726,0.0,2.3094692,0.0,2.1970167,0.0,0.0,0.0,0.0,1.3864138,0.0,2.6020632,1.9558254,2.2297537,2.6547432,0.0,2.8753147,3.1727304,2.2997825,2.7442071,2.6691957,1.6885915,1.6154321,0.0,2.0824742
60,2.8030365,1.6295478,1.9694623,1.7049859,0.0,4.679479,0.0,1.543212,0.0,1.671647,3.2554984,3.7886536,1.4106137,1.6930069,2.4040022,1.1336117,0.0,2.2750368,0.0,2.0727727,0.0,0.0,0.0,0.0,1.129175,0.0,2.2199788,2.0346818,2.2798746,2.0243342,0.0,2.4894567,2.7898762,2.5272226,2.9678643,2.2149506,1.6535366,1.8240639,0.0,2.092946
61,2.730508,1.452294,2.2002892,1.5273479,0.0,4.2769504,0.0,1.2799478,0.0,1.3334343,3.3704298,3.7538707,1.4186308,1.3992445,1.8080469,1.0730126,0.0,2.1916056,0.0,1.9240965,0.0,0.0,0.0,0.0,1.103174,0.0,1.8015138,2.0736558,2.3454595,1.5101521,0.0,2.2024195,2.1725545,2.8704295,3.0859497,1.712103,1.577154,2.2052531,0.0,2.2782195
62,2.5595596,1.3382413,2.3396893,1.3450818,0.0,3.6630862,0.0,1.300522,0.0,1.1318382,3.2548156,3.6056435,1.5233688,1.2879374,1.3398275,1.107645,0.0,2.030831,0.0,1.7087578,0.0,0.0,0.0,0.0,1.1740844,0.0,1.4786006,2.0116637,2.3828044,1.2044457,0.0,2.0375164,1.5712938,3.0075278,2.971247,1.2688079,1.3996819,2.4724967,0.0,2.419097
63,2.4428563,1.3912538,2.4539018,1.2912173,0.0,3.2116878,0.0,1.5336403,0.0,1.1241206,3.1429906,3.5047617,1.7706709,1.4381351,1.1788515,1.2437203,0.0,1.976422,0.0,1.6274258,0.0,0.0,0.0,0.0,1.3548791,0.0,1.3656044,1.987952,2.4686756,1.1810447,0.0,2.1446598,1.2573632,3.0932474,2.8952568,1.0489888,1.2831131,2.6624055,0.0,2.6345243
64,2.2729983,1.4203874,2.464242,1.246752,0.0,2.8610544,0.0,1.792466,0.0,1.1119092,3.0069807,3.3491368,1.9771521,1.6368906,1.13847,1.3660251,0.0,1.9250143,0.0,1.5610465,0.0,0.0,0.0,0.0,1.5166034,0.0,1.3308126,1.9351472,2.58555,1.29044,0.0,2.3085597,1.0736505,3.0536926,2.812619,0.9213635,1.1400186,2.7291892,0.0,2.8330426
65,2.044767,1.3802767,2.3554006,1.2071682,0.0,2.616486,0.0,2.0454602,0.0,1.1665877,2.88906,3.1251676,2.2012446,1.854483,1.1949171,1.4880123,0.0,1.8913312,0.0,1.5366448,0.0,0.0,0.0,0.0,1.7132878,0.0,1.374541,1.8936386,2.7457275,1.4630066,0.0,2.5374727,1.0187849,2.984023,2.7585533,0.8841928,1.0344967,2.7026334,0.0,3.034268
66,1.6842874,1.2432994,2.0298228,1.1722739,0.0,2.3720062,0.0,2.2405465,0.0,1.2836827,2.7273858,2.695039,2.415215,2.0315735,1.2811861,1.5559,0.0,1.9067296,0.0,1.5689111,0.0,0.0,0.0,0.0,1.9344201,0.0,1.4506035,1.7864885,2.8536537,1.6132171,0.0,2.7421007,1.0678153,2.869976,2.6767356,0.9340821,0.9642839,2.519661,0.0,3.1715965
67,1.1342657,0.9314804,1.4589201,1.083761,0.0,2.083695,0.0,2.2128572,0.0,1.3977757,2.4172997,1.9480187,2.5135574,1.9910378,1.304305,1.509295,0.0,1.901746,0.0,1.6261636,0.0,0.0,0.0,0.0,2.1035688,0.0,1.4511007,1.525831,2.8019767,1.6574433,0.0,2.7434142,1.1332816,2.6798806,2.501828,1.0334911,0.92533946,2.0820808,0.0,3.1095176
68,0.5984878,0.61722547,0.8664505,1.1009107,0.0,1.9191003,0.0,1.9645058,0.0,1.6156434,2.0537205,1.1319557,2.5378256,1.7260591,1.3628439,1.4310824,0.0,1.9957982,0.0,1.7863814,0.0,0.0,0.0,0.0,2.3082829,0.0,1.4569896,1.242762,2.5914752,1.664613,0.0,2.5653343,1.2993499,2.552692,2.3510418,1.2865294,1.0762893,1.5186533,0.0,2.888138
69,0.53814095,0.67414814,0.720719,1.4070156,0.0,2.2128656,0.0,1.7479619,0.0,2.0721083,1.9636159,0.80751896,2.7219625,1.4692822,1.6789452,1.5197442,0.0,2.402122,0.0,2.2368305,0.0,0.0,0.0,0.0,2.678131,0.0,1.6387427,1.2435484,2.4313376,1.8845425,0.0,2.4436877,1.7323908,2.765165,2.5550182,1.8376228,1.6261085,1.2397008,0.0,2.6421194
70,0.71023667,0.8107594,0.9252318,1.6957948,0.0,2.5324903,0.0,1.4006964,0.0,2.4045784,1.9320322,0.7722559,2.758106,1.1225722,1.8331212,1.5521945,0.0,2.780577,0.0,2.5918229,0.0,0.0,0.0,0.0,2.8395255,0.0,1.6589804,1.3009253,2.1439598,2.0028336,0.0,2.1554902,2.030103,3.0355098,2.7775798,2.2722683,2.1442919,1.1175599,0.0,2.2924063
71,1.0191602,1.0280828,1.3266474,1.9277258,0.0,2.783123,0.0,1.1321174,0.0,2.554903,1.9596922,0.96971816,2.7255664,0.82717586,1.9040825,1.5687337,0.0,3.0559237,0.0,2.7869585,0.0,0.0,0.0,0.0,2.8563778,0.0,1.6350385,1.392247,1.8977652,2.0878391,0.0,1.8661304,2.1613293,3.2325952,2.9821608,2.523169,2.4888446,1.1795788,0.0,2.0031767
72,1.2327671,1.1098164,1.6571587,1.9289318,0.0,2.7502542,0.0,0.9263321,0.0,2.445302,1.8832383,1.0578728,2.5207186,0.49939573,1.7586739,1.5177319,0.0,3.1068878,0.0,2.7368107,0.0,0.0,0.0,0.0,2.6081204,0.0,1.4647182,1.397328,1.5592904,1.9888387,0.0,1.4954033,2.110042,3.2773428,2.929779,2.5069218,2.576038,1.1853659,0.0,1.6216516
73,1.4098741,1.158408,1.9352459,1.8204687,0.0,2.5638168,0.0,0.78177506,0.0,2.2629027,1.7810627,1.1001239,2.2873287,0.25874335,1.6333638,1.4403573,0.0,3.0809567,0.0,2.581578,0.0,0.0,0.0,0.0,2.2816613,0.0,1.2768657,1.4079772,1.2900776,1.8544815,0.0,1.20671,2.0032904,3.2302313,2.8081152,2.4060388,2.6089013,1.210895,0.0,1.28719
74,1.5646327,1.1627834,2.2093663,1.7074809,0.0,2.356283,0.0,0.78918785,0.0,2.082091,1.738188,1.1491821,2.133981,0.1755414,1.5525056,1.4536486,0.0,3.0612967,0.0,2.396822,0.0,0.0,0.0,0.0,1.9827511,0.0,1.1523067,1.4925805,1.0955166,1.8114958,0.0,1.0375868,1.9450778,3.1577456,2.7193258,2.2832928,2.5806272,1.293304,0.0,1.0384237
75,1.7015232,1.1472254,2.43256,1.5931005,0.0,2.0887535,0.0,0.8715882,0.0,1.9189394,1.7052858,1.1710349,2.008563,0.22745496,1.580613,1.5487134,0.0,3.074646,0.0,2.198763,0.0,0.0,0.0,0.0,1.7355032,0.0,1.0836675,1.6384923,0.98330665,1.8358866,0.0,0.961095,1.9479506,3.0181546,2.6494148,2.1683316,2.5620189,1.4007769,0.0,0.8403598
76,1.8176516,1.1082339,2.56578,1.491292,0.0,1.7579238,0.0,1.0302606,0.0,1.7819265,1.6544043,1.158928,1.9200238,0.44136256,1.7571136,1.7272102,0.0,3.1023662,0.0,1.9823095,0.0,0.0,0.0,0.0,1.574995,0.0,1.0452198,1.8373581,0.9631652,1.9415286,0.0,0.9683038,2.0145202,2.8112245,2.5943148,2.0762422,2.5945818,1.513735,0.0,0.6895756
77,1.856967,1.0365818,2.5012274,1.4057376,0.0,1.3481307,0.0,1.2098541,0.0,1.662786,1.5232555,1.157051,1.8313982,0.84778535,2.116955,1.9793812,0.0,3.080168,0.0,1.7198344,0.0,0.0,0.0,0.0,1.540235,0.0,1.0280256,2.0292194,1.0194294,2.090472,0.0,1.0336677,2.095881,2.4407406,2.5187428,2.0386076,2.6606143,1.5580429,0.0,0.5972927
78,1.8181232,0.9727,2.1208565,1.3973043,0.0,0.9671807,0.0,1.351684,0.0,1.531238,1.3061713,1.2326353,1.7370638,1.4403292,2.6359026,2.2346013,0.0,2.8803551,0.0,1.4344087,0.0,0.0,0.0,0.0,1.7035635,0.0,1.0255,2.1476073,1.1476747,2.2513769,0.0,1.1570797,2.1326036,1.8794317,2.39338,2.0485706,2.6807253,1.4915656,0.0,0.6445881
79,1.7483993,1.0037819,1.5817319,1.5129158,0.0,0.8660768,0.0,1.403527,0.0,1.5095359,1.102682,1.5668422,1.6977917,1.9836495,3.1271172,2.4072602,0.0,2.5545008,0.0,1.2937706,0.0,0.0,0.0,0.0,2.1180089,0.0,1.0790889,2.1346228,1.3841555,2.369362,0.0,1.3440915,2.0647173,1.3991816,2.3149905,2.1357985,2.645248,1.3504887,0.0,0.9040383
80,1.7127099,1.1266694,1.1455346,1.7569544,0.0,1.0949457,0.0,1.3156315,0.0,1.536144,0.9525115,2.0536616,1.7351738,2.315097,3.4151473,2.4745302,0.0,2.2617042,0.0,1.3502449,0.0,0.0,0.0,0.0,2.5988362,0.0,1.1267443,2.0083563,1.6057912,2.4436662,0.0,1.5316448,1.9548846,1.1149771,2.3135326,2.2306962,2.6330748,1.2231193,0.0,1.2409711
81,1.766365,1.28598,0.940102,2.050463,0.0,1.4824691,0.0,1.1756614,0.0,1.6177293,0.9113915,2.641969,1.8050598,2.4103553,3.4907203,2.4507134,0.0,2.1031992,0.0,1.5142498,0.0,0.0,0.0,0.0,3.0195284,0.0,1.1400747,1.8666297,1.7495055,2.4741218,0.0,1.6694007,1.8215708,1.0741017,2.4105692,2.35116,2.637277,1.1421883,0.0,1.6018646
82,1.8785361,1.4893997,0.992893,2.3552425,0.0,1.8725348,0.0,1.0314307,0.0,1.6900622,0.91659075,3.2375681,1.907432,2.3431056,3.3644445,2.3673809,0.0,2.066247,0.0,1.6784576,0.0,0.0,0.0,0.0,3.3185232,0.0,1.1242433,1.7441412,1.7894385,2.5010893,0.0,1.7691226,1.7210445,1.1073927,2.524226,2.4617715,2.6533368,1.1025779,0.0,1.8396963
83,2.0229259,1.7052174,1.1670672,2.64067,0.0,2.1722481,0.0,0.92385674,0.0,1.7817641,0.95830166,3.7726922,1.9823784,2.1922007,3.0811322,2.2545004,0.0,2.0964124,0.0,1.8175893,0.0,0.0,0.0,0.0,3.4394963,0.0,1.1255974,1.6645172,1.7326885,2.4810033,0.0,1.877168,1.617291,1.1537498,2.578191,2.5167203,2.6200998,1.115086,0.0,1.9990523
84,2.0953548,1.8431025,1.3774756,2.8133147,0.0,2.241698,0.0,0.858038,0.0,1.8453046,0.9657308,4.122826,2.0034523,1.952746,2.6435862,2.11285,0.0,2.099035,0.0,1.8403722,0.0,0.0,0.0,0.0,3.3137085,0.0,1.1544179,1.6035545,1.5752861,2.368603,0.0,1.9856374,1.4834518,1.0910647,2.4713843,2.4272766,2.4926035,1.1383069,0.0,2.0291681
85,2.1000266,1.9323366,1.5248392,2.838613,0.0,2.0539398,0.0,0.8575715,0.0,1.9129931,0.9775511,4.2248216,1.9850136,1.7310473,2.1956558,1.9999609,0.0,2.0554945,0.0,1.7928752,0.0,0.0,0.0,0.0,2.995519,0.0,1.2566432,1.61094,1.4029825,2.213401,0.0,2.1538532,1.3259956,0.89257324,2.226703,2.2267666,2.3112552,1.2235429,0.0,1.9361613
86,2.049964,2.0313547,1.583134,2.7903874,0.0,1.6989164,0.0,0.9239746,0.0,2.03989,1.0005053,4.12581,1.9827086,1.6431984,1.8687087,2.0090506,0.0,1.988517,0.0,1.6935064,0.0,0.0,0.0,0.0,2.621392,0.0,1.4879748,1.7082053,1.307484,2.0705266,0.0,2.3980885,1.2287003,0.6198583,1.8892392,1.9631807,2.1403294,1.4106404,0.0,1.8007011
87,1.9415892,2.0687087,1.4999145,2.6842816,0.0,1.306896,0.0,1.0245123,0.0,2.1922593,1.0133622,3.8648508,2.04347,1.6862941,1.7494946,2.136598,0.0,1.8416854,0.0,1.5769616,0.0,0.0,0.0,0.0,2.3363101,0.0,1.7740355,1.8231034,1.327972,1.9567692,0.0,2.6279218,1.1486319,0.3656102,1.5310177,1.6997068,1.9851419,1.6307904,0.0,1.6832625
88,1.8782603,2.1248446,1.3953553,2.5702865,0.0,1.0457034,0.0,1.1255091,0.0,2.3627627,1.0571166,3.6130807,2.1382647,1.8307483,1.8329426,2.319711,0.0,1.6902204,0.0,1.4979959,0.0,0.0,0.0,0.0,2.206322,0.0,2.0819213,1.9970856,1.492476,1.939141,0.0,2.7826643,1.0847665,0.25381503,1.2856728,1.5321755,1.9067931,1.8704741,0.0,1.6643764
89,1.8128861,2.1539042,1.2719415,2.4361107,0.0,0.9477059,0.0,1.175681,0.0,2.451785,1.0585145,3.42271,2.209559,1.9625922,1.9869767,2.4623787,0.0,1.536231,0.0,1.4502372,0.0,0.0,0.0,0.0,2.2187264,0.0,2.2554595,2.0633304,1.6721694,1.9631897,0.0,2.8005888,1.0132836,0.2682951,1.1299319,1.4172502,1.8186269,2.0463042,0.0,1.7044587
90,1.7785732,2.2147899,1.2405521,2.3310163,0.0,1.0132511,0.0,1.223284,0.0,2.5386648,1.0498302,3.3891692,2.288631,2.0490172,2.1450589,2.5509672,0.0,1.4015422,0.0,1.4182235,0.0,0.0,0.0,0.0,2.3351343,0.0,2.3288426,2.068236,1.8775116,1.998972,0.0,2.7288663,0.95235115,0.4349379,1.0995183,1.3688442,1.7483615,2.1905398,0.0,1.7634337
91,1.7698865,2.247327,1.3284239,2.2127633,0.0,1.2109878,0.0,1.2601236,0.0,2.5939307,1.0365953,3.4885013,2.32915,2.075514,2.237476,2.5784369,0.0,1.2949586,0.0,1.3861192,0.0,0.0,0.0,0.0,2.4631197,0.0,2.260617,2.0446842,2.0634272,2.0305283,0.0,2.5863109,0.87030786,0.6537067,1.1408981,1.3236037,1.6458946,2.2681434,0.0,1.8337842
92,1.7769777,2.249968,1.5384092,2.0499215,0.0,1.4816616,0.0,1.3146567,0.0,2.5923996,1.003462,3.6644323,2.311741,2.011778,2.2212236,2.5199394,0.0,1.202217,0.0,1.3134323,0.0,0.0,0.0,0.0,2.5135791,0.0,2.0517642,1.9709358,2.2000184,2.0358076,0.0,2.3782496,0.7670215,0.8867258,1.2135409,1.2362868,1.4723328,2.2694292,0.0,1.867616
93,1.7652023,2.1664853,1.8623184,1.7851316,0.0,1.7783988,0.0,1.4135541,0.0,2.5018451,0.9412564,3.8205466,2.1852634,1.8210328,2.0467703,2.3207245,0.0,1.105762,0.0,1.118811,0.0,0.0,0.0,0.0,2.364176,0.0,1.6598152,1.838063,2.241995,1.964349,0.0,2.0843904,0.64639133,1.0858953,1.253227,1.0532968,1.1864971,2.1687741,0.0,1.8097429
94,1.8574129,2.0866287,2.3796973,1.5347018,0.0,2.204333,0.0,1.6408361,0.0,2.414906,0.9854529,4.0399914,2.0329838,1.6332208,1.8780501,2.1076124,0.0,1.170819,0.0,0.91983026,0.0,0.0,0.0,0.0,2.093002,0.0,1.2678008,1.8089421,2.2795038,1.9509718,0.0,1.8622704,0.69434416,1.3471923,1.4159782,0.8674069,0.93576974,2.07041,0.0,1.7506827
95,2.0710928,2.037484,2.949329,1.3738503,0.0,2.7216969,0.0,1.9842354,0.0,2.419071,1.1501163,4.2157836,1.9538449,1.5291398,1.8139697,1.9334916,0.0,1.4584628,0.0,0.8038412,0.0,0.0,0.0,0.0,1.7763773,0.0,0.99123144,1.8747368,2.3726358,2.0046747,0.0,1.8144188,0.9797421,1.7058306,1.7230134,0.7828222,0.8983781,2.0199983,0.0,1.7072828
96,2.2558782,1.9613266,3.327081,1.2480965,0.0,3.0828447,0.0,2.3366919,0.0,2.4216251,1.3369844,4.1953835,1.8175699,1.4393262,1.8046376,1.7650669,0.0,1.7951174,0.0,0.69135815,0.0,0.0,0.0,0.0,1.3695168,0.0,0.8348865,1.9757502,2.3835769,2.0282593,0.0,1.8061743,1.3822225,1.971009,1.9273558,0.7420443,0.9917175,1.9931064,0.0,1.6018748
97,2.3730085,1.8791232,3.3749125,1.1536077,0.0,3.211427,0.0,2.5209699,0.0,2.3511353,1.4500762,3.9630494,1.6263807,1.3976929,1.8159219,1.6330264,0.0,2.0742066,0.0,0.56344813,0.0,0.0,0.0,0.0,0.93041694,0.0,0.747247,1.9615626,2.290134,2.0004137,0.0,1.7494932,1.7656506,2.098118,1.9842346,0.72821033,1.1964085,1.9245014,0.0,1.4062438
98,2.5153854,1.9025571,3.2397673,1.1674327,0.0,3.2944782,0.0,2.5980685,0.0,2.3457263,1.5667789,3.75887,1.5033411,1.4892902,1.981385,1.5732932,0.0,2.3258688,0.0,0.49436554,0.0,0.0,0.0,0.0,0.65097696,0.0,0.8276809,1.9387422,2.192189,2.0200298,0.0,1.7419096,2.1692188,2.1758783,1.9979595,0.8602221,1.5382706,1.9456617,0.0,1.2519972
99,2.7445972,2.096158,3.0025,1.3399456,0.0,3.431598,0.0,2.6396773,0.0,2.4707308,1.7320864,3.7193573,1.535016,1.7480805,2.3555644,1.6423159,0.0,2.5813878,0.0,0.54627436,0.0,0.0,0.0,0.0,0.64150125,0.0,1.115322,1.9567258,2.1716635,2.1756043,0.0,1.8469723,2.604238,2.2869582,2.0301945,1.1600887,2.0356412,2.1107144,0.0,1.220438
100,2.922872,2.320931,2.635455,1.538752,0.0,3.5331776,0.0,2.5393775,0.0,2.571365,1.8470923,3.7123797,1.6217738,2.0374115,2.7426984,1.7390808,0.0,2.6989248,0.0,0.65180475,0.0,0.0,0.0,0.0,0.8254156,0.0,1.4711813,1.884816,2.1246238,2.339193,0.0,1.9194605,2.9466221,2.3615334,2.0100315,1.5419072,2.511197,2.2868652,0.0,1.2406993
101,3.1098602,2.6171386,2.2489731,1.833924,0.0,3.650525,0.0,2.3959713,0.0,2.7443433,1.9767534,3.7881353,1.8307165,2.356652,3.1627858,1.9047173,0.0,2.7631223,0.0,0.88388413,0.0,0.0,0.0,0.0,1.3093629,0.0,1.9327148,1.8070362,2.1490767,2.5477898,0.0,2.0520651,3.1909747,2.5062006,2.0336876,2.0292633,2.9557455,2.5539274,0.0,1.4311508
102,3.1464684,2.8448884,1.8739332,2.0124202,0.0,3.6124136,0.0,2.1713634,0.0,2.878535,2.0197978,3.773484,1.9796417,2.5583377,3.3496342,1.9787278,0.0,2.6623333,0.0,1.1216023,0.0,0.0,0.0,0.0,1.836087,0.0,2.3106313,1.6786546,2.1280313,2.6354234,0.0,2.1033256,3.2006288,2.592947,1.9703529,2.4536247,3.1407447,2.7201033,0.0,1.6091393
103,3.0798628,3.023676,1.5969268,2.1184785,0.0,3.500506,0.0,1.9816982,0.0,3.0094228,2.0322967,3.7118301,2.129503,2.6660893,3.3584943,2.0041034,0.0,2.485714,0.0,1.3413401,0.0,0.0,0.0,0.0,2.3414676,0.0,2.6201215,1.578249,2.0874665,2.658401,0.0,2.1336403,3.0702672,2.6325526,1.9169427,2.771525,3.1415431,2.8457437,0.0,1.8036656
104,2.9933138,3.20362,1.4492904,2.1760366,0.0,3.3627045,0.0,1.8962225,0.0,3.215006,2.06426,3.6124082,2.285512,2.718558,3.2498236,1.9907823,0.0,2.3237028,0.0,1.5407654,0.0,0.0,0.0,0.0,2.7870219,0.0,2.9028132,1.5905365,2.0558228,2.6654546,0.0,2.2270215,2.8940246,2.6476328,1.9186671,2.9869118,3.0422025,2.9469151,0.0,2.007377
105,2.899828,3.3803928,1.3841418,2.2116857,0.0,3.1142585,0.0,1.9642547,0.0,3.5372355,2.1159284,3.412804,2.4651551,2.7316802,3.0233238,1.9607888,0.0,2.1879113,0.0,1.7306758,0.0,0.0,0.0,0.0,3.1673324,0.0,3.2069006,1.7540387,2.0313194,2.675112,0.0,2.3945925,2.6681845,2.5947142,1.9454348,3.091597,2.8419175,3.0214527,0.0,2.2178125
106,2.7462938,3.501343,1.374708,2.252716,0.0,2.687314,0.0,2.201215,0.0,3.9326339,2.1879272,2.9941533,2.6000473,2.6737287,2.6786475,1.9100313,0.0,2.1019793,0.0,1.923849,0.0,0.0,0.0,0.0,3.4041908,0.0,3.4820058,2.1096437,1.9833422,2.6445785,0.0,2.6409242,2.3875086,2.4115496,2.0200946,3.0147228,2.569991,3.0116458,0.0,2.396374
107,2.4436305,3.3407452,1.3589624,2.2611573,0.0,2.0033844,0.0,2.3855515,0.0,4.0891466,2.1873574,2.2682505,2.541429,2.4370763,2.2010114,1.8269763,0.0,2.0372736,0.0,2.026911,0.0,0.0,0.0,0.0,3.3027174,0.0,3.522563,2.5882905,1.8504343,2.4759772,0.0,2.8487537,1.9725726,1.9879646,2.0943837,2.593628,2.171691,2.7706478,0.0,2.4079752
108,2.095412,2.9219553,1.3161291,2.2493856,0.0,1.283937,0.0,2.4361117,0.0,3.8268719,2.0923371,1.4914132,2.2598524,2.0946991,1.7952163,1.769883,0.0,1.9836316,0.0,2.0242538,0.0,0.0,0.0,0.0,2.8872674,0.0,3.258124,2.9792364,1.7013617,2.1767037,0.0,2.9095128,1.5493749,1.4849569,2.1496558,2.0339072,1.7947978,2.2872684,0.0,2.2352886
109,1.8586531,2.505709,1.2618299,2.2729003,0.0,0.85261095,0.0,2.348598,0.0,3.369123,2.0002818,1.0177803,1.954558,1.833702,1.6209148,1.7511419,0.0,1.929556,0.0,1.9936904,0.0,0.0,0.0,0.0,2.470833,0.0,2.954052,3.1877244,1.5576495,1.9431221,0.0,2.8561676,1.3066849,1.1340251,2.1951437,1.6162821,1.6082588,1.8966737,0.0,2.0341709
110,1.7676133,2.22759,1.1965749,2.3596213,0.0,0.6512768,0.0,2.2101011,0.0,2.9303555,1.9490894,0.79985887,1.7319585,1.7365241,1.6302654,1.7923698,0.0,1.9311676,0.0,1.9916408,0.0,0.0,0.0,0.0,2.235217,0.0,2.7258182,3.2881458,1.4865974,1.8207986,0.0,2.786236,1.2030631,0.91601765,2.2525313,1.4144124,1.5836784,1.6608871,0.0,1.903733
111,1.7596036,2.0696516,1.1555432,2.4854763,0.0,0.61019087,0.0,2.049124,0.0,2.5263543,1.9216653,0.75789887,1.5756631,1.7684495,1.7434359,1.8681326,0.0,1.9556637,0.0,2.0284586,0.0,0.0,0.0,0.0,2.1500218,0.0,2.6055877,3.3590195,1.4473025,1.7696875,0.0,2.724161,1.1843501,0.78323317,2.3505065,1.3516195,1.6180967,1.5585282,0.0,1.8588498
112,1.7668632,1.9458863,1.1298338,2.5911188,0.0,0.65132046,0.0,1.8710243,0.0,2.1185946,1.9032847,0.8053872,1.4738986,1.8484778,1.8950714,1.9554541,0.0,1.9560785,0.0,2.0626135,0.0,0.0,0.0,0.0,2.1742823,0.0,2.5371494,3.3905811,1.4139974,1.7505586,0.0,2.651837,1.1925119,0.7046566,2.4723823,1.3725576,1.6383218,1.5250201,0.0,1.8561177
113,1.7192233,1.8145066,1.1428827,2.6282673,0.0,0.7411194,0.0,1.6945008,0.0,1.6714689,1.8704892,0.8721952,1.4137081,1.9543055,2.0005312,1.9978368,0.0,1.9178673,0.0,2.0958922,0.0,0.0,0.0,0.0,2.2720175,0.0,2.4920063,3.3592722,1.3658326,1.7077602,0.0,2.5263157,1.1997972,0.6882123,2.5949676,1.4338802,1.5843526,1.5045016,0.0,1.8747133
114,1.5804917,1.6389713,1.2183349,2.5309956,0.0,0.89870447,0.0,1.5104626,0.0,1.1408719,1.7864829,0.91727495,1.4545478,2.0264452,2.0309289,1.9540316,0.0,1.8277352,0.0,2.103845,0.0,0.0,0.0,0.0,2.3993552,0.0,2.4538298,3.2210145,1.26504,1.5987755,0.0,2.325884,1.1921847,0.75782543,2.7522368,1.5132849,1.4333823,1.5085561,0.0,1.8931543
115,1.3885982,1.4617927,1.5252482,2.2841778,0.0,1.2216296,0.0,1.4151372,0.0,0.7328358,1.7257288,1.0093386,1.6610824,2.0397582,1.9943361,1.8218235,0.0,1.7656845,0.0,2.117934,0.0,0.0,0.0,0.0,2.5621233,0.0,2.3975859,3.0364802,1.2324684,1.5135522,0.0,2.1386077,1.2315097,1.0481404,2.989595,1.6424787,1.2176865,1.5188406,0.0,1.944653
116,1.1408615,1.2163997,1.9738894,1.7951095,0.0,1.6663263,0.0,1.3715155,0.0,0.47758877,1.6388563,1.0271635,1.9591118,1.8138266,1.7990749,1.6086487,0.0,1.7017641,0.0,2.1006658,0.0,0.0,0.0,0.0,2.565717,0.0,2.1922429,2.6774967,1.233317,1.3547702,0.0,1.950699,1.2605108,1.5548435,3.1803796,1.6821223,0.99353105,1.5156951,0.0,1.891219
117,0.9337875,1.0069818,2.2985296,1.2768633,0.0,1.9828498,0.0,1.3516738,0.0,0.47549886,1.553146,0.89167124,2.1569357,1.4089197,1.4768404,1.3438756,0.0,1.6979427,0.0,2.0497382,0.0,0.0,0.0,0.0,2.2927654,0.0,1.8549308,2.1963692,1.2604326,1.1562586,0.0,1.7823465,1.2094922,2.06975,3.1708138,1.5718412,0.8427655,1.4197153,0.0,1.7131937
118,0.85891646,0.8889665,2.3937645,0.94781256,0.0,2.1114857,0.0,1.3525451,0.0,0.689792,1.531911,0.67789084,2.2101295,0.9951966,1.19032,1.1700251,0.0,1.7881805,0.0,2.070466,0.0,0.0,0.0,0.0,1.947059,0.0,1.55313,1.8315396,1.3186108,0.99047476,0.0,1.7091221,1.1633167,2.4440799,3.0196943,1.4270271,0.87177855,1.3335733,0.0,1.4912689
119,0.93440145,0.9072187,2.3311176,0.8692012,0.0,2.131169,0.0,1.3334416,0.0,0.9297778,1.5904953,0.47195536,2.1794703,0.71164984,1.014372,1.1299739,0.0,1.9605305,0.0,2.2019813,0.0,0.0,0.0,0.0,1.6838869,0.0,1.3455818,1.61837,1.4161814,0.9001391,0.0,1.7156427,1.143995,2.6842964,2.8719437,1.3453155,1.0381061,1.2929295,0.0,1.3128093
120,1.0386704,0.9795049,2.2319784,0.9749944,0.0,2.1288545,0.0,1.2205411,0.0,1.0985997,1.7134044,0.306063,2.04954,0.54061955,0.94166124,1.1357193,0.0,2.1339905,0.0,2.3575933,0.0,0.0,0.0,0.0,1.5029675,0.0,1.1972617,1.5564651,1.557857,0.8329207,0.0,1.7201043,1.142004,2.7922745,2.7747924,1.3466626,1.214501,1.2582122,0.0,1.157249
121,1.1675355,1.0888357,2.1243868,1.193716,0.0,2.156472,0.0,1.0945374,0.0,1.1762456,1.8363523,0.20735581,1.8895534,0.48103052,0.9238689,1.1974696,0.0,2.2871492,0.0,2.499387,0.0,0.0,0.0,0.0,1.3962214,0.0,1.0810872,1.5636308,1.7207938,0.79679346,0.0,1.7019013,1.1645504,2.822328,2.7122638,1.4107271,1.3989516,1.2527548,0.0,1.0217838
122,1.3212428,1.2499819,2.0746255,1.4618046,0.0,2.2700567,0.0,0.991367,0.0,1.1787884,1.9742343,0.2401032,1.7396303,0.54078984,0.9866649,1.2952106,0.0,2.4198673,0.0,2.6199925,0.0,0.0,0.0,0.0,1.3912348,0.0,1.0165775,1.6371981,1.906288,0.8360683,0.0,1.6885487,1.2210815,2.8139074,2.712856,1.5479777,1.5818636,1.2906713,0.0,0.93026215
123,1.5225972,1.4413936,2.0885656,1.710546,0.0,2.4492924,0.0,0.898427,0.0,1.163227,2.1186671,0.47047096,1.6344031,0.69220173,1.109341,1.4108112,0.0,2.5840142,0.0,2.721788,0.0,0.0,0.0,0.0,1.4900103,0.0,1.0076575,1.7460272,2.110057,0.93278325,0.0,1.6953824,1.346229,2.7421408,2.7885764,1.7090952,1.7423011,1.4152509,0.0,0.9375561
124,1.677868,1.6059144,2.1978195,1.8706781,0.0,2.6680505,0.0,0.8415435,0.0,1.1027821,2.2154913,0.8183646,1.5567788,0.87858635,1.2354538,1.4844239,0.0,2.7086527,0.0,2.7389057,0.0,0.0,0.0,0.0,1.6173474,0.0,0.9925302,1.8725644,2.2920315,1.0429006,0.0,1.6712558,1.4847981,2.5968585,2.8985555,1.8423958,1.8246353,1.5632727,0.0,0.99076676
125,1.7625688,1.7203155,2.4211266,1.8961136,0.0,2.9101303,0.0,0.8415363,0.0,1.0077493,2.2227015,1.2513934,1.5423042,1.0696058,1.3564204,1.5011399,0.0,2.7725952,0.0,2.6630614,0.0,0.0,0.0,0.0,1.7339808,0.0,0.96952945,2.02699,2.4432855,1.1802539,0.0,1.6076406,1.6197267,2.38019,3.0401566,1.9147254,1.8286139,1.7062646,0.0,1.0870458
126,1.7387,1.7806693,2.7432134,1.7651665,0.0,3.163996,0.0,0.97679466,0.0,0.8929395,2.1427357,1.7620703,1.6021236,1.2020026,1.4610482,1.4421794,0.0,2.769983,0.0,2.4549263,0.0,0.0,0.0,0.0,1.7973077,0.0,0.91214097,2.185899,2.4924705,1.3205187,0.0,1.5193282,1.7456822,2.116398,3.1590931,1.863115,1.7782551,1.8575672,0.0,1.2473304
127,1.5472553,1.6793175,3.0700703,1.3964889,0.0,3.2722626,0.0,1.1784835,0.0,0.7923476,1.9035035,2.233253,1.65102,1.201621,1.4790272,1.2133532,0.0,2.561185,0.0,2.0585048,0.0,0.0,0.0,0.0,1.7026118,0.0,0.73295677,2.2944047,2.3940928,1.4478054,0.0,1.3980416,1.7183436,1.7395251,3.158302,1.64227,1.5606698,1.8738257,0.0,1.4045739
128,1.297213,1.4558085,3.2511165,0.97243094,0.0,3.2244015,0.0,1.4338039,0.0,0.733968,1.5758454,2.5587442,1.7359588,1.0915539,1.4466225,0.95955366,0.0,2.225153,0.0,1.6329159,0.0,0.0,0.0,0.0,1.4723239,0.0,0.533096,2.296611,2.1492145,1.5537735,0.0,1.351926,1.553871,1.399741,3.042256,1.26819,1.3072268,1.7912471,0.0,1.577888
129,1.1560851,1.2690648,3.2657728,0.63486105,0.0,3.0839589,0.0,1.6834704,0.0,0.7512475,1.3362716,2.6926515,1.8414832,0.9480412,1.402002,0.7474685,0.0,1.9196489,0.0,1.3832054,0.0,0.0,0.0,0.0,1.2009118,0.0,0.39172724,2.2430346,1.8443323,1.6585635,0.0,1.4257298,1.3423795,1.2610707,2.8825831,0.9506192,1.1599845,1.6918042,0.0,1.7410964
130,1.0887352,1.0930233,3.1309164,0.4684401,0.0,2.8878129,0.0,1.8308532,0.0,0.68923676,1.2299383,2.5756247,1.8901128,0.78398514,1.2921957,0.58876634,0.0,1.6374083,0.0,1.3115726,0.0,0.0,0.0,0.0,0.89519715,0.0,0.24646989,2.1270578,1.5790712,1.6929759,0.0,1.5341498,1.0703202,1.2333093,2.7098362,0.7031502,1.0612901,1.5535598,0.0,1.8196473
131,1.118421,0.97890633,2.9337702,0.48602608,0.0,2.767588,0.0,1.901517,0.0,0.5628467,1.2743055,2.348875,1.9198707,0.6649825,1.168046,0.5006149,0.0,1.4494642,0.0,1.4364706,0.0,0.0,0.0,0.0,0.63082594,0.0,0.13029477,1.9922662,1.4221735,1.6939139,0.0,1.7020552,0.8238081,1.3352878,2.6042314,0.5916613,1.0184486,1.4398812,0.0,1.8667073
132,1.2302818,0.92469174,2.654504,0.6424744,0.0,2.732226,0.0,1.911187,0.0,0.36610833,1.4477614,2.1010983,1.9579316,0.6315806,1.0644084,0.47766435,0.0,1.3509696,0.0,1.7196333,0.0,0.0,0.0,0.0,0.43128738,0.0,0.080839716,1.8065519,1.3438379,1.6670043,0.0,1.8917272,0.6616366,1.5403346,2.5518143,0.6198633,1.0219984,1.3828745,0.0,1.910783
133,1.4756402,0.9735784,2.3958218,1.027127,0.0,2.8539293,0.0,1.9021753,0.0,0.23241398,1.7715265,1.95088,2.049995,0.7554182,1.0504721,0.5863143,0.0,1.3985122,0.0,2.134728,0.0,0.0,0.0,0.0,0.41611668,0.0,0.17312786,1.6759703,1.4346889,1.6894612,0.0,2.1858132,0.643794,1.8693027,2.6162798,0.8342074,1.096368,1.417048,0.0,2.0090423
134,1.7861062,1.1413386,2.1762195,1.5252104,0.0,3.0787072,0.0,1.8989298,0.0,0.20495674,2.1701822,1.9495968,2.186634,1.0404851,1.1409014,0.82305014,0.0,1.5378544,0.0,2.5711377,0.0,0.0,0.0,0.0,0.614607,0.0,0.45704517,1.6164792,1.6472334,1.7415036,0.0,2.5121999,0.789166,2.2713075,2.7543247,1.2006847,1.2396466,1.5397446,0.0,2.1509533
135,2.07604,1.3210762,1.9493912,1.9930729,0.0,3.2617009,0.0,1.8438572,0.0,0.28406426,2.5284348,2.077631,2.3042126,1.3711684,1.2698164,1.0727646,0.0,1.7109232,0.0,2.8984754,0.0,0.0,0.0,0.0,0.9349854,0.0,0.8267445,1.5651274,1.8631693,1.7630337,0.0,2.7783818,1.0265634,2.598494,2.8672557,1.604459,1.3580393,1.6760399,0.0,2.305476
136,2.2326353,1.4214269,1.6833737,2.342635,0.0,3.3158038,0.0,1.734595,0.0,0.4031563,2.7457826,2.2352877,2.3423905,1.6445078,1.3773818,1.2693096,0.0,1.8184319,0.0,3.0374463,0.0,0.0,0.0,0.0,1.2677289,0.0,1.2066817,1.4803872,1.9789032,1.711338,0.0,2.9214578,1.2765852,2.7809901,2.862862,1.9405004,1.4029818,1.7460732,0.0,2.4005618
137,2.4714115,1.647522,1.5881779,2.785637,0.0,3.5477405,0.0,1.7703351,0.0,0.77318835,3.0094662,2.729026,2.5630827,2.0450492,1.711382,1.6288604,0.0,2.0906725,0.0,3.200475,0.0,0.0,0.0,0.0,1.8295755,0.0,1.7777516,1.5898976,2.1776946,1.8483557,0.0,3.2091863,1.7380254,3.0746918,3.0232375,2.3612113,1.6254658,1.9578497,0.0,2.7070875
138,2.6435788,1.8296373,1.5412706,3.1501477,0.0,3.7421138,0.0,1.8060204,0.0,1.3481628,3.2021532,3.380975,2.817855,2.425915,2.1587281,1.9926059,0.0,2.3845074,0.0,3.247196,0.0,0.0,0.0,0.0,2.492901,0.0,2.3923218,1.7177718,2.3041193,2.0707054,0.0,3.5074832,2.2479978,3.3401418,3.1807652,2.7657905,1.905381,2.1446233,0.0,3.0754874
139,2.7497344,1.9602742,1.498425,3.3718922,0.0,3.7864604,0.0,1.8561169,0.0,2.1367772,3.2414,4.138842,3.0303972,2.6731613,2.7546678,2.3718035,0.0,2.634136,0.0,3.035291,0.0,0.0,0.0,0.0,3.2073965,0.0,2.9804618,1.861904,2.321894,2.38763,0.0,3.7219086,2.773521,3.531659,3.2097592,3.0740886,2.251093,2.2750435,0.0,3.470489
140,2.7330544,2.0082507,1.4914377,3.2596788,0.0,3.652991,0.0,1.8822839,0.0,3.0208082,3.0125709,4.745318,3.0873446,2.7016168,3.3538105,2.6760173,0.0,2.8170717,0.0,2.5800307,0.0,0.0,0.0,0.0,3.7499468,0.0,3.28564,1.9832246,2.1978574,2.7764776,0.0,3.7103713,3.1931124,3.5944023,3.0699968,3.1747541,2.6463199,2.3486292,0.0,3.7027745
141,2.4472206,1.8195534,1.365136,2.78428,0.0,3.1054194,0.0,1.7434518,0.0,3.4363728,2.506845,4.6756196,2.8034487,2.3726327,3.509207,2.6517427,0.0,2.6743946,0.0,1.9246434,0.0,0.0,0.0,0.0,3.7252114,0.0,3.04419,1.8606331,1.876584,2.9169009,0.0,3.2645457,3.1027865,3.2922742,2.5802748,2.8929935,2.6700869,2.1910875,0.0,3.460275
142,2.0974805,1.5103482,1.1575624,2.2524202,0.0,2.5029373,0.0,1.5286168,0.0,3.4079483,2.0405414,4.2082677,2.3805978,1.9642566,3.3364227,2.444079,0.0,2.3653605,0.0,1.3745487,0.0,0.0,0.0,0.0,3.3894637,0.0,2.5446723,1.5760915,1.5366809,2.8384593,0.0,2.694435,2.7561016,2.8940253,2.0180497,2.5085416,2.444232,1.939673,0.0,3.0332198
143,1.8941578,1.2873718,1.01196,1.8978262,0.0,2.1072066,0.0,1.387862,0.0,3.2916517,1.7742091,3.7825277,2.1018667,1.7323139,3.1681237,2.3108537,0.0,2.1356888,0.0,1.070917,0.0,0.0,0.0,0.0,3.1117964,0.0,2.1541228,1.3462536,1.3736902,2.804807,0.0,2.2877567,2.4674568,2.64578,1.6272708,2.265058,2.2424486,1.800724,0.0,2.7050223
144,1.7663075,1.1066078,0.8817972,1.6375766,0.0,1.8254399,0.0,1.284771,0.0,3.1240592,1.6111839,3.392498,1.904053,1.6068833,2.9895952,2.2101846,0.0,1.9223752,0.0,0.8858444,0.0,0.0,0.0,0.0,2.8912349,0.0,1.8430268,1.1204505,1.301589,2.758641,0.0,1.9447865,2.2130814,2.4746795,1.3265865,2.1162615,2.0173032,1.688584,0.0,2.4363046
145,1.6924226,0.98952895,0.768765,1.4506109,0.0,1.6110289,0.0,1.2267523,0.0,2.9279745,1.5026103,3.0623648,1.7800902,1.5926635,2.8057446,2.1579294,0.0,1.7223477,0.0,0.77225775,0.0,0.0,0.0,0.0,2.7241373,0.0,1.6390238,0.90555936,1.2949163,2.6977074,0.0,1.6587235,2.0078864,2.3478053,1.0832769,2.0270205,1.7916919,1.6193566,0.0,2.2089314
146,1.6909405,0.9597424,0.708128,1.3372396,0.0,1.4844296,0.0,1.2372779,0.0,2.77209,1.4309064,2.855489,1.7593509,1.6738684,2.6569612,2.151841,0.0,1.5732341,0.0,0.70927805,0.0,0.0,0.0,0.0,2.6242802,0.0,1.565172,0.75776005,1.3599159,2.6477287,0.0,1.464332,1.8651053,2.2637396,0.93596226,2.0013652,1.6096159,1.5911123,0.0,2.0514793
147,1.7220886,1.017375,0.70412886,1.2537116,0.0,1.4159267,0.0,1.2802681,0.0,2.6746833,1.3620516,2.7711036,1.8136643,1.8240205,2.5560615,2.17918,0.0,1.4578648,0.0,0.6568251,0.0,0.0,0.0,0.0,2.5652814,0.0,1.6497555,0.70621336,1.4826626,2.5895352,0.0,1.3494624,1.7707431,2.1769145,0.8794634,1.9907377,1.4831704,1.6016515,0.0,1.947146
148,1.8224844,1.1760215,0.7742338,1.2244067,0.0,1.3797894,0.0,1.3430076,0.0,2.6462278,1.3078114,2.8200953,1.9311224,2.026479,2.5421546,2.2326088,0.0,1.3875251,0.0,0.6392005,0.0,0.0,0.0,0.0,2.5293176,0.0,1.872006,0.7695717,1.6130134,2.54653,0.0,1.3506328,1.7196203,2.0968976,0.9402841,1.9961053,1.4413167,1.6378195,0.0,1.9239075
149,1.931029,1.4038917,0.8612306,1.1841584,0.0,1.3544593,0.0,1.3702508,0.0,2.6567128,1.2294554,2.948487,2.0365539,2.2043872,2.5845373,2.29351,0.0,1.3556404,0.0,0.6262786,0.0,0.0,0.0,0.0,2.464464,0.0,2.1963272,0.92493224,1.714734,2.4843996,0.0,1.4517536,1.6844112,1.9885663,1.0831021,1.949937,1.47882,1.6569259,0.0,1.9510291
150,2.0447173,1.6564418,0.9589586,1.1157626,0.0,1.3410721,0.0,1.3599279,0.0,2.697885,1.152945,3.0896428,2.0922554,2.3012166,2.6838775,2.3748598,0.0,1.3743193,0.0,0.63751644,0.0,0.0,0.0,0.0,2.3406484,0.0,2.5136683,1.1360903,1.7701367,2.401388,0.0,1.6267313,1.6735793,1.8664563,1.2922301,1.8329484,1.5915147,1.6468239,0.0,2.004806
151,2.101353,1.858699,1.0063237,0.99982655,0.0,1.3221374,0.0,1.2874411,0.0,2.6882818,1.0815785,3.14241,2.0294356,2.2905607,2.77992,2.4225466,0.0,1.409601,0.0,0.6566835,0.0,0.0,0.0,0.0,2.1420221,0.0,2.7435174,1.3282232,1.7448403,2.2957008,0.0,1.815078,1.633131,1.7288322,1.4995905,1.6439275,1.7147614,1.58088,0.0,2.0383167
152,2.0947125,1.964714,0.98888195,0.84194654,0.0,1.3181486,0.0,1.1523132,0.0,2.5992978,1.0255718,3.0845718,1.8517865,2.1776235,2.8297029,2.4367783,0.0,1.4618328,0.0,0.6750019,0.0,0.0,0.0,0.0,1.8761632,0.0,2.8431716,1.4581635,1.661084,2.1668308,0.0,1.9698635,1.580572,1.5971438,1.6646882,1.385559,1.8002838,1.4838965,0.0,2.0547364
153,2.1075034,2.0355446,0.9685657,0.6851183,0.0,1.4012678,0.0,1.0020027,0.0,2.484716,1.1081156,2.948699,1.6265444,2.0790138,2.878717,2.455967,0.0,1.575338,0.0,0.7332358,0.0,0.0,0.0,0.0,1.6292341,0.0,2.8265152,1.5384865,1.6024247,2.092576,0.0,2.109496,1.5744357,1.5438925,1.8183923,1.1558034,1.8527008,1.422619,0.0,2.0492892
154,2.157962,2.0883968,0.97361887,0.5510626,0.0,1.6122413,0.0,0.91185194,0.0,2.3567424,1.2771894,2.8040688,1.3595675,2.0278935,2.881236,2.5034778,0.0,1.737652,0.0,0.80057544,0.0,0.0,0.0,0.0,1.4411776,0.0,2.7055144,1.5676605,1.6118183,2.0814908,0.0,2.209269,1.629766,1.5776353,1.9525157,0.963246,1.8528787,1.3882381,0.0,2.0268888
155,2.246504,2.1696818,1.0270792,0.46162114,0.0,1.9328871,0.0,0.9140325,0.0,2.2200332,1.5217922,2.6571143,1.0912732,2.0462089,2.835974,2.564037,0.0,1.9435482,0.0,0.85957295,0.0,0.0,0.0,0.0,1.3439282,0.0,2.4984105,1.5244414,1.680439,2.1148105,0.0,2.223429,1.7557906,1.7086933,2.0361612,0.8269582,1.8236603,1.4122102,0.0,1.9500468
156,2.4187198,2.3444688,1.2264901,0.5203561,0.0,2.4142027,0.0,1.0790288,0.0,2.1624074,1.7972499,2.6731226,0.91376233,2.2024434,2.7649662,2.6178112,0.0,2.22625,0.0,0.91532296,0.0,0.0,0.0,0.0,1.425285,0.0,2.2713614,1.4806952,1.8317183,2.2084458,0.0,2.1663792,1.9778411,1.9396038,2.1315525,0.8182977,1.8157928,1.5671058,0.0,1.8815162
157,2.7297819,2.6751463,1.6311742,0.83577955,0.0,3.0454125,0.0,1.5095912,0.0,2.294978,2.0734253,3.016681,0.9892489,2.4954147,2.722883,2.6644301,0.0,2.598653,0.0,0.98763245,0.0,0.0,0.0,0.0,1.7730646,0.0,2.0811539,1.5305178,2.0580785,2.3932528,0.0,2.1548889,2.3055265,2.3245623,2.2878034,0.9810908,1.9643034,1.9214816,0.0,1.895234
158,2.9537108,2.9295828,2.021297,1.2443047,0.0,3.4577184,0.0,1.9245952,0.0,2.4572716,2.1076756,3.4262984,1.2159792,2.7259269,2.6609814,2.6407032,0.0,2.8169925,0.0,1.0069318,0.0,0.0,0.0,0.0,2.1788638,0.0,1.964121,1.6117965,2.2079973,2.51324,0.0,2.0508785,2.5433097,2.5984683,2.3294764,1.2002782,2.1551218,2.213295,0.0,1.8596562
159,3.0676649,3.110043,2.2921782,1.6416254,0.0,3.5741162,0.0,2.2512836,0.0,2.6256862,1.9620987,3.8025186,1.4873102,2.8399737,2.6341362,2.558876,0.0,2.8874037,0.0,0.9895268,0.0,0.0,0.0,0.0,2.5084307,0.0,1.9200405,1.6898441,2.2393441,2.5317276,0.0,1.9720666,2.6569335,2.7129102,2.2917905,1.4057826,2.3890965,2.414924,0.0,1.8032371
160,3.112727,3.2250063,2.4238267,1.9563282,0.0,3.494685,0.0,2.4296172,0.0,2.7714543,1.7559515,4.0779204,1.7345582,2.847696,2.6705701,2.476302,0.0,2.8752124,0.0,0.95986587,0.0,0.0,0.0,0.0,2.704961,0.0,1.9371098,1.7691584,2.1933274,2.4971197,0.0,1.9686424,2.664977,2.7350814,2.2232935,1.5635312,2.624977,2.5332084,0.0,1.7410293
161,3.1226842,3.2765176,2.4598475,2.1470745,0.0,3.3450208,0.0,2.4766726,0.0,2.879928,1.5979272,4.222718,1.9012018,2.7908437,2.7578616,2.4002724,0.0,2.816904,0.0,0.929398,0.0,0.0,0.0,0.0,2.767019,0.0,2.003304,1.839988,2.1042895,2.4478223,0.0,2.0413306,2.627111,2.708331,2.1530025,1.6903701,2.850923,2.6084783,0.0,1.6426854
162,3.0908203,3.295205,2.4186845,2.2716472,0.0,3.1398754,0.0,2.4470901,0.0,2.9433823,1.4727653,4.2624183,2.0064073,2.694096,2.8610325,2.3266976,0.0,2.7567766,0.0,0.90352756,0.0,0.0,0.0,0.0,2.7019114,0.0,2.0883827,1.8718352,1.9855908,2.3599129,0.0,2.1554441,2.5551178,2.6468496,2.0910068,1.7540573,3.03272,2.651319,0.0,1.5364712
163,2.9972444,3.2483897,2.316615,2.3024216,0.0,2.8807342,0.0,2.3452427,0.0,2.924338,1.4075495,4.135035,2.0201209,2.5301726,2.9122746,2.2159793,0.0,2.660796,0.0,0.85639983,0.0,0.0,0.0,0.0,2.4890807,0.0,2.1396325,1.8357224,1.8277633,2.2005713,0.0,2.2704573,2.4414973,2.5499628,1.9996585,1.742833,3.1299205,2.6544309,0.0,1.3523573
164,2.839466,3.134358,2.196513,2.2432253,0.0,2.6055632,0.0,2.2032413,0.0,2.8163424,1.4506652,3.8341885,1.9593812,2.292135,2.8730633,2.0531175,0.0,2.5292068,0.0,0.80111736,0.0,0.0,0.0,0.0,2.1203306,0.0,2.1427903,1.730169,1.6379431,1.9699196,0.0,2.3680913,2.2846506,2.4411464,1.9012507,1.6610171,3.1130843,2.6195762,0.0,1.0874305
165,2.6221452,2.956521,2.1484802,2.0919664,0.0,2.365321,0.0,2.060952,0.0,2.618186,1.6681441,3.3952556,1.8529845,1.9673214,2.7170835,1.8328425,0.0,2.3640265,0.0,0.7761517,0.0,0.0,0.0,0.0,1.5848823,0.0,2.0962124,1.5947685,1.4482914,1.6811814,0.0,2.4291055,2.1000595,2.4048834,1.8177814,1.5516025,2.960192,2.5385568,0.0,0.7800389
166,2.5163164,2.8468,2.3824208,1.9823055,0.0,2.4113367,0.0,2.0529466,0.0,2.4905071,2.1698732,3.0576982,1.8334414,1.695998,2.5144193,1.6876643,0.0,2.321275,0.0,0.94437283,0.0,0.0,0.0,0.0,1.087785,0.0,2.0898137,1.5755191,1.4432498,1.5082273,0.0,2.5968487,2.0166593,2.5631151,2.0112283,1.502349,2.788392,2.524153,0.0,0.6757291
167,2.4396508,2.736293,2.802669,1.8570428,0.0,2.6229448,0.0,2.136342,0.0,2.372846,2.7198484,2.8438814,1.8160079,1.431519,2.188873,1.5487298,0.0,2.2842045,0.0,1.1656294,0.0,0.0,0.0,0.0,0.7233813,0.0,1.9678115,1.6269621,1.5338582,1.4743464,0.0,2.6628897,1.9516267,2.7916446,2.304413,1.4857527,2.515529,2.4077168,0.0,0.7433705
168,2.3556647,2.566221,3.1447134,1.6692381,0.0,2.778985,0.0,2.125694,0.0,2.2125254,2.9766216,2.7314327,1.6995133,1.15155,1.7523097,1.3299553,0.0,2.1406605,0.0,1.254456,0.0,0.0,0.0,0.0,0.4773968,0.0,1.6715665,1.6406044,1.5867751,1.4429812,0.0,2.4879444,1.8033509,2.8762193,2.4835184,1.4099281,2.1897638,2.1335645,0.0,0.88624185
169,2.3756,2.4430091,3.4395106,1.5777112,0.0,2.9681187,0.0,2.1041532,0.0,2.1713114,3.01817,2.8805993,1.6218687,0.977242,1.4586757,1.2116821,0.0,2.0581965,0.0,1.3096446,0.0,0.0,0.0,0.0,0.45789278,0.0,1.3859538,1.7198911,1.6691428,1.5004747,0.0,2.3375733,1.7080582,2.9099143,2.6185598,1.3442718,2.0033312,1.8765719,0.0,1.147222
170,2.4495766,2.455146,3.667265,1.6430779,0.0,3.130526,0.0,2.1218438,0.0,2.2223938,2.9587839,3.1862404,1.588293,0.9069828,1.3876929,1.2265725,0.0,2.092183,0.0,1.4085573,0.0,0.0,0.0,0.0,0.56978786,0.0,1.1659442,1.8185388,1.7806723,1.616816,0.0,2.2451785,1.6789452,2.9313672,2.756839,1.306569,1.9919978,1.7050581,0.0,1.447876
171,2.5049357,2.4836116,3.7510808,1.7505049,0.0,3.2120903,0.0,2.0693827,0.0,2.2835546,2.7940426,3.4837122,1.5278796,0.8938769,1.3819548,1.2554057,0.0,2.143556,0.0,1.5123951,0.0,0.0,0.0,0.0,0.6827303,0.0,0.9753976,1.9187969,1.8842261,1.70773,0.0,2.2283282,1.6620318,2.851391,2.8454616,1.2583897,2.0553932,1.5572358,0.0,1.7177227
172,2.460709,2.4589765,3.7130997,1.8724164,0.0,3.2278094,0.0,1.9219561,0.0,2.323792,2.5606925,3.700074,1.4257646,0.8986158,1.4167706,1.2714963,0.0,2.2084217,0.0,1.6266363,0.0,0.0,0.0,0.0,0.760272,0.0,0.79346716,2.0097156,1.9955645,1.7332246,0.0,2.247478,1.6514715,2.650153,2.8875127,1.1748563,2.1138976,1.402287,0.0,1.9522444
173,2.3634698,2.4222186,3.525588,2.0833628,0.0,3.1959667,0.0,1.7229913,0.0,2.3520713,2.3136213,3.84623,1.4082752,0.9793893,1.5571084,1.3192585,0.0,2.3672147,0.0,1.8997815,0.0,0.0,0.0,0.0,0.8873423,0.0,0.6558962,2.1142645,2.1946733,1.7698117,0.0,2.4258227,1.6506013,2.3594387,3.0502374,1.1134851,2.2347229,1.2973539,0.0,2.2117333
174,1.9719411,2.2115612,2.9593234,2.267098,0.0,2.9653876,0.0,1.3816457,0.0,2.2299764,1.9222316,3.6041825,1.413187,1.0799717,1.6891543,1.3321226,0.0,2.5183253,0.0,2.3186486,0.0,0.0,0.0,0.0,0.9892647,0.0,0.5567692,2.1391196,2.4192436,1.6820467,0.0,2.6549957,1.6094946,1.7966225,3.1777308,0.98798835,2.231347,1.156302,0.0,2.3440347
175,1.3596741,1.8257902,2.032927,2.415049,0.0,2.5937006,0.0,1.0406214,0.0,1.959228,1.5057894,2.9283879,1.6618248,1.3470789,1.9146005,1.4284177,0.0,2.6590383,0.0,2.8436182,0.0,0.0,0.0,0.0,1.3263593,0.0,0.7551745,2.1474302,2.6667485,1.5864446,0.0,2.8660066,1.6051725,1.1187472,3.289817,1.00082,2.111932,1.2154391,0.0,2.313218
176,0.87597805,1.4684289,1.1770344,2.3861985,0.0,2.2277286,0.0,0.97683305,0.0,1.7223217,1.2477623,2.0719492,2.1161976,1.6365137,2.1050966,1.5610919,0.0,2.6570199,0.0,3.1192615,0.0,0.0,0.0,0.0,1.8799525,0.0,1.1919643,2.029283,2.7553627,1.5481757,0.0,2.907975,1.6286386,0.7528273,3.2348855,1.1786239,1.9050297,1.50806,0.0,2.0616016
177,0.5761301,1.1888375,0.726915,2.2102106,0.0,1.8894589,0.0,1.0226965,0.0,1.5144354,1.0586479,1.4229913,2.4253755,1.7716504,2.0916836,1.5550408,0.0,2.4769754,0.0,3.0387242,0.0,0.0,0.0,0.0,2.1980517,0.0,1.5123721,1.9071436,2.6641858,1.4952452,0.0,2.7011502,1.5597655,0.61037624,3.0143034,1.3307554,1.6793774,1.7087002,0.0,1.7022575
178,0.47919413,1.1084602,0.63998544,2.0952022,0.0,1.7066724,0.0,1.1665343,0.0,1.4578546,0.9977722,1.1044424,2.6910863,1.819059,2.0572777,1.5616677,0.0,2.347428,0.0,2.9294126,0.0,0.0,0.0,0.0,2.4544122,0.0,1.7060124,1.8678284,2.5847754,1.5326107,0.0,2.4918325,1.4896207,0.6224563,2.880836,1.5082895,1.5900534,1.8612719,0.0,1.4126012
179,0.45855972,1.1148329,0.7262523,2.02456,0.0,1.5924153,0.0,1.3431246,0.0,1.4795958,0.9340217,0.97423494,2.9383507,1.7889681,2.0178502,1.5632715,0.0,2.2429454,0.0,2.7785685,0.0,0.0,0.0,0.0,2.6813161,0.0,1.8272592,1.8961967,2.4935572,1.5895286,0.0,2.2559588,1.4012634,0.6806642,2.7947056,1.63633,1.6252154,2.0038435,0.0,1.1600335
180,0.4449869,1.0979587,0.8995913,1.9350226,0.0,1.4359353,0.0,1.4542373,0.0,1.51771,0.805721,0.92740256,3.0864058,1.6404293,1.9304639,1.5100999,0.0,2.06304,0.0,2.551929,0.0,0.0,0.0,0.0,2.8414319,0.0,1.8069843,1.935646,2.3091235,1.6246527,0.0,1.9092377,1.2328874,0.7048501,2.638229,1.7429053,1.6830505,2.0581048,0.0,0.91005486
181,0.51819295,1.1519015,1.1068585,1.8253006,0.0,1.2284,0.0,1.5090411,0.0,1.5662798,0.61910355,0.9533574,3.1833367,1.4014554,1.8087584,1.4544625,0.0,1.8463134,0.0,2.2446144,0.0,0.0,0.0,0.0,2.9369886,0.0,1.7060063,1.943532,1.9969851,1.6899309,0.0,1.4673102,0.99408984,0.74634206,2.4216282,1.8285477,1.8248633,2.0343568,0.0,0.6573816
182,0.7862373,1.2680733,1.3966788,1.7424393,0.0,1.0598865,0.0,1.4749748,0.0,1.6600535,0.48538297,1.1328441,3.1900477,1.1232079,1.7545242,1.4285529,0.0,1.5963155,0.0,1.9245816,0.0,0.0,0.0,0.0,2.9609115,0.0,1.5512202,1.9889128,1.5727838,1.8558507,0.0,1.0020057,0.7563535,0.9080245,2.1839135,1.9616114,2.048194,1.9385395,0.0,0.56679803
183,1.2188799,1.4857476,1.7433044,1.7185842,0.0,1.1059575,0.0,1.4130412,0.0,1.8205084,0.51123196,1.4738787,3.133933,0.966398,1.8916146,1.5499041,0.0,1.4976732,0.0,1.6742779,0.0,0.0,0.0,0.0,2.9286444,0.0,1.5007118,2.1079197,1.24163,2.1437001,0.0,0.6719443,0.67680955,1.194089,2.0333824,2.1265821,2.3056457,1.8844696,0.0,0.70906585
184,1.6027743,1.6303977,1.9454643,1.659477,0.0,1.2106485,0.0,1.2793581,0.0,1.898589,0.6369835,1.709876,3.0199869,0.9276044,2.0872972,1.7089908,0.0,1.426559,0.0,1.5424858,0.0,0.0,0.0,0.0,2.8216443,0.0,1.54798,2.2084594,0.9926197,2.3979833,0.0,0.46527058,0.6874936,1.4872108,1.9451078,2.2246542,2.4458184,1.7988236,0.0,0.99511725
185,1.8675113,1.660536,1.9952325,1.5407975,0.0,1.3486784,0.0,1.149729,0.0,1.8841391,0.78500116,1.774511,2.9242053,1.0212197,2.2877007,1.8228239,0.0,1.3605418,0.0,1.5247606,0.0,0.0,0.0,0.0,2.6481464,0.0,1.6621996,2.296877,0.8276823,2.5726798,0.0,0.31788582,0.74189276,1.6912986,1.8948487,2.2535744,2.4428446,1.7463026,0.0,1.2883543
186,1.9702677,1.5938632,1.9145752,1.3560468,0.0,1.4686587,0.0,1.0422981,0.0,1.7396132,0.9029558,1.6074103,2.8707094,1.1844316,2.435327,1.8999126,0.0,1.3011962,0.0,1.5984589,0.0,0.0,0.0,0.0,2.4464347,0.0,1.8239899,2.3327365,0.74212724,2.6669638,0.0,0.16188653,0.7811189,1.820566,1.8797532,2.1895075,2.3110232,1.6970285,0.0,1.502528
187,1.8829821,1.406333,1.7172455,1.0628313,0.0,1.5203817,0.0,0.9679198,0.0,1.4369301,0.94309855,1.2191478,2.8251345,1.3606769,2.4319124,1.8679535,0.0,1.1909835,0.0,1.67609,0.0,0.0,0.0,0.0,2.1765916,0.0,1.9670342,2.2848291,0.68330413,2.6067502,0.0,0.0,0.7499244,1.8254238,1.8465558,1.9858547,2.0120165,1.6472131,0.0,1.5579786
188,1.7606467,1.2800032,1.5825264,0.8143522,0.0,1.7247493,0.0,1.0934318,0.0,1.1611462,1.0146285,0.8712759,2.8945315,1.6113334,2.3811405,1.8329871,0.0,1.1587996,0.0,1.8215361,0.0,0.0,0.0,0.0,2.0132797,0.0,2.1773603,2.2949967,0.7982249,2.511249,0.0,0.0,0.76569945,1.8588986,1.9562839,1.7600752,1.7067238,1.7455295,0.0,1.5798498
189,1.7009794,1.2910697,1.6067085,0.7161408,0.0,2.0829656,0.0,1.4124078,0.0,1.0020939,1.1501199,0.7479883,3.0755498,1.887625,2.3033667,1.8413932,0.0,1.2485083,0.0,2.006664,0.0,0.0,0.0,0.0,1.9882722,0.0,2.3658578,2.3844264,1.0746156,2.4445179,0.0,0.0,0.8402374,1.9465306,2.2389925,1.5868695,1.503967,2.0079327,0.0,1.5613303
190,1.5862969,1.2695209,1.6511267,0.614058,0.0,2.3446784,0.0,1.7464813,0.0,0.84622306,1.219845,0.6428641,3.069229,1.9620628,1.9826823,1.7307247,0.0,1.2923356,0.0,2.0364115,0.0,0.0,0.0,0.0,1.8848666,0.0,2.3425214,2.3975887,1.3074998,2.1702535,0.0,0.19505067,0.8091655,1.9232607,2.3849406,1.3671253,1.2497083,2.2158167,0.0,1.3687456
191,1.448555,1.2217456,1.6793209,0.5728979,0.0,2.4832277,0.0,2.0257215,0.0,0.74689096,1.2412435,0.59352523,2.883165,1.8213282,1.5122802,1.5504961,0.0,1.3224608,0.0,1.9349378,0.0,0.0,0.0,0.0,1.7474151,0.0,2.085648,2.3356364,1.4756795,1.7870243,0.0,0.50262314,0.70973635,1.800708,2.4132664,1.1492572,1.006925,2.3583012,0.0,1.0902829
192,1.3256748,1.1316124,1.6531857,0.6325693,0.0,2.463475,0.0,2.1895792,0.0,0.71289164,1.2730584,0.54974115,2.4913454,1.50439,0.9647658,1.3339058,0.0,1.3454943,0.0,1.7387356,0.0,0.0,0.0,0.0,1.572176,0.0,1.6366869,2.228624,1.5678588,1.3340317,0.0,0.90784085,0.5684837,1.599602,2.311474,0.9861371,0.7516644,2.3913212,0.0,0.8283904
193,1.2667438,1.03752,1.565317,0.8394697,0.0,2.317222,0.0,2.2155051,0.0,0.77812546,1.4022168,0.525709,1.9570684,1.1011724,0.43179432,1.13187,0.0,1.4359472,0.0,1.5479563,0.0,0.0,0.0,0.0,1.4141681,0.0,1.0767125,2.100404,1.6192442,0.9032189,0.0,1.4442044,0.46371686,1.4020145,2.1398277,0.9480616,0.5099885,2.3155222,0.0,0.6961362
194,1.3421971,1.033667,1.4702675,1.2505484,0.0,2.1384473,0.0,2.126213,0.0,0.9879901,1.635284,0.60158414,1.4565284,0.821154,0.12688449,1.0926347,0.0,1.6118336,0.0,1.4852597,0.0,0.0,0.0,0.0,1.3440012,0.0,0.62857974,2.0542853,1.7296225,0.6546609,0.0,2.1356118,0.51793694,1.2800918,2.02609,1.1074847,0.40103298,2.1676114,0.0,0.76184535
195,1.5298561,1.1288375,1.438233,1.781378,0.0,2.0321472,0.0,1.9705149,0.0,1.3275326,1.9740214,0.8546804,1.1009501,0.77013814,0.16700307,1.2212751,0.0,1.8541446,0.0,1.5861108,0.0,0.0,0.0,0.0,1.4333916,0.0,0.47060224,2.1338348,1.9132,0.6730169,0.0,2.8477976,0.7493231,1.3016393,2.0299373,1.4384872,0.43397784,1.9995749,0.0,1.0962813
196,1.7366539,1.2346376,1.4280556,2.2545598,0.0,1.9772646,0.0,1.7821249,0.0,1.6412852,2.2901464,1.1633533,0.91051817,0.879545,0.42337802,1.4205728,0.0,2.0442579,0.0,1.7578169,0.0,0.0,0.0,0.0,1.5912063,0.0,0.5750466,2.2679455,2.0787404,0.8665397,0.0,3.3605044,1.0472009,1.3948123,2.0803235,1.7608706,0.53279257,1.8340358,0.0,1.5149202
197,1.853645,1.2782694,1.4074588,2.546744,0.0,1.9099722,0.0,1.5698794,0.0,1.7834771,2.4732807,1.3908573,0.80118465,1.0195258,0.6833775,1.5680301,0.0,2.0861752,0.0,1.8874928,0.0,0.0,0.0,0.0,1.7006049,0.0,0.7704419,2.358663,2.1624944,1.0616889,0.0,3.577598,1.2564322,1.461834,2.0922978,1.9475349,0.5803812,1.647324,0.0,1.8376701
198,1.9371542,1.2994747,1.4399139,2.7207925,0.0,1.9100606,0.0,1.413669,0.0,1.8037935,2.569978,1.5998591,0.7598413,1.1600764,0.9044535,1.6681459,0.0,2.0453594,0.0,1.9813236,0.0,0.0,0.0,0.0,1.799359,0.0,1.0101597,2.464421,2.2406688,1.2438917,0.0,3.6313965,1.3970422,1.5319421,2.1126943,2.0378022,0.59464437,1.4835721,0.0,2.0897522
199,1.9517342,1.2663249,1.5100418,2.7735615,0.0,1.9305425,0.0,1.2732722,0.0,1.6795529,2.5698147,1.7702423,0.6857548,1.2250283,1.0160878,1.6946092,0.0,1.9014834,0.0,2.0086439,0.0,0.0,0.0,0.0,1.8322796,0.0,1.2198287,2.549082,2.2945068,1.3480191,0.0,3.535559,1.4293283,1.5606844,2.0920677,2.004117,0.5369079,1.2881742,0.0,2.239797
200,1.9452691,1.2266732,1.6931214,2.7614157,0.0,2.0333307,0.0,1.1797321,0.0,1.4467429,2.5184584,1.9912202,0.5723296,1.2298018,1.0615016,1.6742351,0.0,1.7231536,0.0,2.0092323,0.0,0.0,0.0,0.0,1.8436334,0.0,1.413388,2.6444633,2.360281,1.4140668,0.0,3.3317626,1.3946528,1.5795343,2.078296,1.868551,0.44367427,1.1127154,0.0,2.331438
201,1.9223874,1.2100178,2.0065415,2.6692863,0.0,2.2362227,0.0,1.1370406,0.0,1.1223403,2.3948402,2.2866952,0.4627012,1.1634009,1.0607382,1.6162003,0.0,1.5275011,0.0,1.9638969,0.0,0.0,0.0,0.0,1.826024,0.0,1.5580118,2.7239106,2.4427507,1.4483695,0.0,3.0225127,1.2857101,1.5933945,2.0827413,1.6237924,0.36421245,0.9173317,0.0,2.3670735
202,1.9281429,1.26301,2.431367,2.5130742,0.0,2.5769467,0.0,1.218382,0.0,0.8254165,2.205469,2.7135255,0.46384868,1.057638,1.0689875,1.543851,0.0,1.4522598,0.0,1.900502,0.0,0.0,0.0,0.0,1.8467638,0.0,1.6612825,2.747392,2.5390751,1.5125495,0.0,2.6198468,1.1681228,1.6424448,2.1517386,1.3516376,0.411972,0.8090667,0.0,2.387795
203,1.918358,1.4850442,2.8116474,2.3289714,0.0,2.8833961,0.0,1.4005425,0.0,0.7049656,2.0104837,3.046619,0.64395094,0.98812526,1.1829733,1.4689536,0.0,1.6131321,0.0,1.8996149,0.0,0.0,0.0,0.0,1.909282,0.0,1.6424574,2.6295717,2.5535665,1.5740318,0.0,2.241068,1.1291015,1.750263,2.2915657,1.1435728,0.66891134,0.8026563,0.0,2.3402483
204,1.9343942,1.747783,3.0298634,2.2040522,0.0,3.0896509,0.0,1.5832378,0.0,0.7358921,1.8710942,3.261707,0.8785259,0.9685545,1.3333884,1.4227273,0.0,1.9427809,0.0,1.9465905,0.0,0.0,0.0,0.0,1.9675379,0.0,1.5421578,2.4352746,2.542505,1.6385483,0.0,1.9662079,1.1836053,1.8583244,2.4408529,1.0673157,1.0024936,0.91427726,0.0,2.2915652
205,1.9342444,1.9681331,3.0506048,2.1197493,0.0,3.1422668,0.0,1.6564151,0.0,0.7877208,1.7782625,3.3106105,1.002094,0.9563082,1.4300474,1.3737588,0.0,2.295343,0.0,2.007847,0.0,0.0,0.0,0.0,1.9657204,0.0,1.3515729,2.1980379,2.5169475,1.6452403,0.0,1.7579829,1.2757494,1.8859228,2.5459633,1.1070387,1.2522619,1.0210685,0.0,2.2330933
206,1.9799769,2.2074068,2.9207752,2.1950347,0.0,3.108379,0.0,1.7736738,0.0,0.97719854,1.8027941,3.234132,1.1495801,1.0943397,1.5336525,1.2964561,0.0,2.7974277,0.0,2.2335205,0.0,0.0,0.0,0.0,1.9643935,0.0,1.1644453,1.9438151,2.431763,1.6183892,0.0,1.7411141,1.518569,1.9009452,2.602242,1.3405979,1.4744968,1.1362239,0.0,2.2570157
207,2.0875182,2.440587,2.633386,2.3970842,0.0,3.0393207,0.0,1.9233282,0.0,1.2447127,1.9693114,3.0887768,1.331825,1.420367,1.6598145,1.2073332,0.0,3.325986,0.0,2.5677,0.0,0.0,0.0,0.0,1.9141225,0.0,1.0156393,1.7077223,2.262935,1.6176668,0.0,1.8625952,1.9190327,1.8982928,2.6239545,1.7496034,1.6803836,1.2900711,0.0,2.3256922
208,2.3127859,2.6971085,2.2721586,2.6889243,0.0,3.014671,0.0,2.1267161,0.0,1.7176164,2.2465901,2.999009,1.6220567,1.9709922,1.9363374,1.1432,0.0,3.764045,0.0,2.986802,0.0,0.0,0.0,0.0,1.9028344,0.0,1.0409662,1.5665001,2.04733,1.6636181,0.0,2.1574793,2.4739535,1.9771825,2.6259942,2.428811,1.9730936,1.5789404,0.0,2.4433641
209,2.5820012,2.8672578,1.8788053,2.9020312,0.0,3.0268679,0.0,2.344731,0.0,2.1680338,2.5732307,2.978698,1.95991,2.582134,2.3228722,1.216104,0.0,3.8721745,0.0,3.2800841,0.0,0.0,0.0,0.0,1.8113701,0.0,1.3055686,1.536181,1.8221055,1.7782228,0.0,2.513531,3.0351698,2.1513448,2.5830073,3.062841,2.3156056,2.008321,0.0,2.5186162
210,2.755007,2.869601,1.6012472,2.8410885,0.0,3.0316553,0.0,2.479155,0.0,2.4793775,2.7674096,2.9500318,2.1458726,2.9835331,2.5737438,1.2873094,0.0,3.5211687,0.0,3.2449114,0.0,0.0,0.0,0.0,1.5803126,0.0,1.5746465,1.5486956,1.588807,1.857646,0.0,2.7366066,3.3260574,2.28885,2.3845568,3.405036,2.5266814,2.351383,0.0,2.3447955
211,2.7933629,2.7802484,1.514128,2.6321573,0.0,3.0913672,0.0,2.576126,0.0,2.6348457,2.841136,3.0028653,2.2310028,3.1102693,2.7114522,1.3394749,0.0,2.9689796,0.0,3.031911,0.0,0.0,0.0,0.0,1.3101206,0.0,1.8340641,1.5738736,1.4284436,1.8836174,0.0,2.8069835,3.3986797,2.4179635,2.1681852,3.498045,2.6445282,2.6178932,0.0,2.0955675
212,2.7373798,2.6445038,1.523741,2.317691,0.0,3.1937237,0.0,2.6197593,0.0,2.7160985,2.8225646,3.0923736,2.2397966,3.048898,2.7701411,1.3811655,0.0,2.452191,0.0,2.7701437,0.0,0.0,0.0,0.0,1.0841725,0.0,2.0344567,1.560936,1.3213193,1.8718295,0.0,2.814053,3.35645,2.566032,1.989786,3.4052563,2.6974444,2.75604,0.0,1.8872318
213,2.6367557,2.509657,1.5951164,2.0183842,0.0,3.2948914,0.0,2.6221688,0.0,2.778242,2.7967398,3.166619,2.2301192,2.874959,2.803188,1.4428182,0.0,2.037836,0.0,2.5275276,0.0,0.0,0.0,0.0,0.92302567,0.0,2.1843772,1.5485799,1.2843075,1.8456382,0.0,2.8076127,3.2555408,2.7054214,1.8843222,3.228653,2.7114325,2.8356435,0.0,1.7456197
214,2.4970088,2.358993,1.6620061,1.7755959,0.0,3.3559952,0.0,2.586358,0.0,2.8602302,2.7900672,3.2162645,2.2589498,2.6607115,2.838503,1.529954,0.0,1.7337772,0.0,2.3257797,0.0,0.0,0.0,0.0,0.8582992,0.0,2.3213067,1.530277,1.3034935,1.8284268,0.0,2.8227866,3.1522853,2.8520522,1.8435667,3.0388613,2.7188408,2.8570366,0.0,1.7098794
215,2.3257267,2.2116358,1.6811088,1.6067448,0.0,3.3454661,0.0,2.5081449,0.0,2.9677746,2.8025694,3.2282355,2.3244696,2.4704287,2.8877914,1.6390715,0.0,1.548548,0.0,2.1875856,0.0,0.0,0.0,0.0,0.9100117,0.0,2.4641542,1.4867773,1.35506,1.8303149,0.0,2.8452818,3.0752902,3.0029342,1.858988,2.8681283,2.71174,2.821629,0.0,1.7903494
216,2.1141644,2.0199542,1.5839013,1.4748946,0.0,3.176863,0.0,2.3295078,0.0,3.0483127,2.7812133,3.1857226,2.3904042,2.2756221,2.9543555,1.7757801,0.0,1.4291283,0.0,2.0557446,0.0,0.0,0.0,0.0,1.050406,0.0,2.5934834,1.403049,1.3837229,1.8370591,0.0,2.8383653,2.9856477,3.097937,1.8850337,2.717485,2.6514904,2.6934528,0.0,1.9425802
217,1.8903594,1.7725857,1.3727206,1.3934146,0.0,2.824635,0.0,2.0607114,0.0,3.0728688,2.7214532,3.098091,2.4811006,2.1029577,3.022084,1.9309504,0.0,1.3499916,0.0,1.9270364,0.0,0.0,0.0,0.0,1.3280814,0.0,2.7147665,1.3225167,1.4080852,1.8539888,0.0,2.7820237,2.829991,3.1202297,1.9314164,2.5885563,2.5461135,2.421701,0.0,2.1882286
218,1.702616,1.5145526,1.1003981,1.3648347,0.0,2.3833172,0.0,1.6771632,0.0,2.9755788,2.5390968,3.0502775,2.586729,1.9992005,3.099036,2.1149364,0.0,1.335415,0.0,1.7966679,0.0,0.0,0.0,0.0,1.8314673,0.0,2.800466,1.2837236,1.4165462,1.9414138,0.0,2.6366303,2.6706567,3.083154,2.050434,2.4989233,2.4365242,2.065943,0.0,2.5108695
219,1.7143173,1.4233594,0.98957956,1.4904609,0.0,1.9676962,0.0,1.3657715,0.0,2.8371425,2.310159,3.1829221,2.8104794,2.060537,3.2648733,2.3642633,0.0,1.4927263,0.0,1.7677894,0.0,0.0,0.0,0.0,2.6048992,0.0,2.9139657,1.4585221,1.4975302,2.2002175,0.0,2.4852908,2.50455,3.0358813,2.3129697,2.4759274,2.3819244,1.7686481,0.0,2.889241
220,1.7958986,1.3784075,0.99010944,1.6190012,0.0,1.6325715,0.0,1.1506798,0.0,2.5026712,1.953231,3.332271,2.94181,2.1302285,3.3344758,2.5095527,0.0,1.5662863,0.0,1.6672395,0.0,0.0,0.0,0.0,3.2659829,0.0,2.8636553,1.6850792,1.5310973,2.4229758,0.0,2.2061198,2.2399602,2.8499842,2.501674,2.388667,2.337751,1.4858508,0.0,3.0604732
221,1.8902361,1.3432128,1.0856563,1.6249723,0.0,1.4469316,0.0,1.0078646,0.0,2.0832405,1.5434625,3.457546,2.9255133,2.1323936,3.2573292,2.4971275,0.0,1.528548,0.0,1.4760059,0.0,0.0,0.0,0.0,3.6169367,0.0,2.6482449,1.8872167,1.4798632,2.5357716,0.0,1.8637348,1.9191003,2.5865169,2.5339122,2.2203913,2.3043375,1.2709291,0.0,3.002871
222,1.9269658,1.3124461,1.2555404,1.5098733,0.0,1.3607929,0.0,0.95046,0.0,1.7019135,1.1347535,3.5017006,2.8032928,2.0168705,3.0973618,2.355898,0.0,1.3818392,0.0,1.2123381,0.0,0.0,0.0,0.0,3.6924782,0.0,2.378361,1.9968909,1.3615028,2.5455663,0.0,1.507301,1.6076406,2.3358905,2.441329,2.0157752,2.278718,1.1478612,0.0,2.7496107
223,1.9601015,1.3334137,1.5445483,1.3802011,0.0,1.4398615,0.0,1.0036666,0.0,1.4705087,0.83381325,3.5425043,2.738281,1.8586167,2.9682539,2.2248042,0.0,1.3002654,0.0,0.99007875,0.0,0.0,0.0,0.0,3.6535199,0.0,2.1202974,2.0889823,1.2872784,2.5965984,0.0,1.2760793,1.3869675,2.194996,2.3661985,1.846816,2.3399215,1.1471913,0.0,2.455976
224,1.9254702,1.343055,1.7987977,1.2319975,0.0,1.5274246,0.0,1.0827281,0.0,1.4025439,0.5712075,3.4649165,2.6563551,1.6270239,2.7990112,2.0640664,0.0,1.270869,0.0,0.7738629,0.0,0.0,0.0,0.0,3.5110462,0.0,1.8714427,2.1189315,1.1947769,2.5922666,0.0,1.1050102,1.1625576,2.1128175,2.2576344,1.6709342,2.3829334,1.2164251,0.0,2.1558366
225,1.7967335,1.3135036,1.9989775,1.0837734,0.0,1.5733695,0.0,1.1148697,0.0,1.486954,0.3671767,3.2068887,2.5889473,1.3076652,2.60355,1.9171017,0.0,1.3264697,0.0,0.559115,0.0,0.0,0.0,0.0,3.297837,0.0,1.6161321,2.0655208,1.1085042,2.576568,0.0,0.99039215,0.924308,2.084407,2.1321335,1.4493295,2.3729997,1.3111398,0.0,1.8538837
226,1.6148369,1.2800169,2.1209173,1.0219764,0.0,1.5456452,0.0,1.0941336,0.0,1.7682172,0.2531976,2.7873588,2.5429554,0.94950956,2.4073498,1.8453681,0.0,1.5641708,0.0,0.43113753,0.0,0.0,0.0,0.0,3.0974529,0.0,1.4035856,1.937932,1.0684953,2.5862198,0.0,0.9704997,0.69687486,2.1242616,2.018341,1.2276965,2.3458624,1.435531,0.0,1.601064
227,1.5447646,1.3161906,2.2458186,1.1458406,0.0,1.5819476,0.0,1.0962917,0.0,2.3566644,0.35524982,2.361539,2.6110826,0.7059521,2.3019257,1.9554327,0.0,2.085962,0.0,0.50856596,0.0,0.0,0.0,0.0,3.0050423,0.0,1.3358647,1.8511237,1.1729987,2.7115676,0.0,1.2274518,0.5999929,2.3492072,2.0514262,1.0796795,2.351068,1.6323488,0.0,1.5322087
228,1.5118839,1.3573959,2.2320008,1.4019074,0.0,1.5216994,0.0,0.9716167,0.0,2.9925535,0.68630195,1.8116114,2.6041043,0.5998927,2.2078903,2.1904435,0.0,2.7096946,0.0,0.79457086,0.0,0.0,0.0,0.0,2.9134943,0.0,1.3289052,1.7510962,1.3989978,2.766123,0.0,1.6181899,0.5775554,2.608228,2.1751437,0.97250384,2.2032123,1.7195065,0.0,1.5906862
229,1.5326993,1.2800379,1.9486101,1.653489,0.0,1.3719251,0.0,0.7081291,0.0,3.3771384,1.0254449,1.2670485,2.4294877,0.5522787,2.0023546,2.4338272,0.0,3.200979,0.0,1.1308395,0.0,0.0,0.0,0.0,2.7923281,0.0,1.3850785,1.6440222,1.6287931,2.703446,0.0,2.051701,0.50750047,2.7188675,2.2347982,0.8367325,1.8831669,1.6604116,0.0,1.7062117
230,1.5190715,1.1246638,1.5831136,1.8092211,0.0,1.1561534,0.0,0.3197122,0.0,3.3514285,1.2449964,0.8659017,2.075704,0.51484865,1.7080797,2.5740786,0.0,3.3351705,0.0,1.389053,0.0,0.0,0.0,0.0,2.6205654,0.0,1.4105531,1.5242053,1.7826161,2.4568892,0.0,2.2806304,0.38246715,2.6571856,2.199297,0.69290507,1.4635167,1.4581075,0.0,1.7050872
231,1.6796484,1.0468669,1.4247531,1.8979542,0.0,1.1271873,0.0,0.0,0.0,3.1001143,1.4883149,0.84925824,1.7258106,0.5792351,1.5179433,2.7623947,0.0,3.294419,0.0,1.6824287,0.0,0.0,0.0,0.0,2.5697732,0.0,1.4305816,1.6277642,2.0009723,2.2296464,0.0,2.4583862,0.2911433,2.552867,2.2904775,0.5643188,1.1422952,1.2426721,0.0,1.7418218
232,1.8839988,0.8497484,1.486643,1.8877282,0.0,1.2877536,0.0,0.0,0.0,2.4970791,1.6174941,1.1247672,1.3454762,0.63735056,1.313863,2.8840265,0.0,2.9903276,0.0,1.7989901,0.0,0.0,0.0,0.0,2.4868157,0.0,1.3578966,1.9001005,2.216117,1.9219946,0.0,2.4682238,0.17234246,2.220213,2.3911421,0.33659166,0.8599567,1.0146488,0.0,1.7072968
233,2.0207655,0.73979604,1.7812551,1.6798546,0.0,1.6619055,0.0,0.0,0.0,1.587288,1.5377852,1.6614944,1.0034766,0.67604613,1.0998634,2.7744787,0.0,2.4455955,0.0,1.7842898,0.0,0.0,0.0,0.0,2.3077743,0.0,1.1508257,2.192656,2.337299,1.5807163,0.0,2.2464542,0.1432483,1.6638834,2.4893925,0.07298046,0.6821067,0.8688,0.0,1.5458076
234,2.0518255,0.8461793,2.3074477,1.4582808,0.0,2.2774124,0.0,0.10113225,0.0,0.9488362,1.4128062,2.3652098,1.0955709,0.8375846,1.0867894,2.4757447,0.0,1.9860724,0.0,1.7496792,0.0,0.0,0.0,0.0,2.1899471,0.0,0.99281096,2.4348876,2.3810434,1.4118619,0.0,2.0375447,0.43118772,1.2266953,2.6418617,0.084969044,0.81594265,0.9162357,0.0,1.5140845
235,1.9611198,1.0327411,2.7810998,1.3326344,0.0,2.7774048,0.0,0.775025,0.0,0.70313585,1.2703238,2.87831,1.3848033,0.9780873,1.1958889,2.1538346,0.0,1.7496127,0.0,1.6801246,0.0,0.0,0.0,0.0,2.1082413,0.0,0.9109095,2.554386,2.3810232,1.4310389,0.0,1.8616031,0.8282804,0.97211385,2.778341,0.24169695,1.0901371,1.0858212,0.0,1.5599381
236,1.7385621,1.1213989,3.0549817,1.2016271,0.0,2.9839826,0.0,1.2364408,0.0,0.61976504,1.0480725,3.0810008,1.58334,0.963009,1.2323939,1.8765539,0.0,1.6449615,0.0,1.4914287,0.0,0.0,0.0,0.0,1.9882374,0.0,0.7958096,2.4831812,2.3532796,1.4918002,0.0,1.6431345,1.0949734,0.7552616,2.819769,0.31616783,1.2419724,1.1774393,0.0,1.567633
237,1.4409492,1.1738334,3.169348,1.1942333,0.0,3.0075195,0.0,1.6064707,0.0,0.7659933,0.82045054,3.0878627,1.8384349,1.0037171,1.2485393,1.6514711,0.0,1.7952244,0.0,1.3575342,0.0,0.0,0.0,0.0,1.9199164,0.0,0.6792474,2.2701237,2.3014085,1.5996298,0.0,1.5153862,1.3696705,0.6339978,2.8051136,0.38018435,1.3437937,1.2203032,0.0,1.6437528
238,1.1835731,1.3017716,3.1531677,1.30704,0.0,2.9268992,0.0,1.914394,0.0,1.1478115,0.6475431,3.0321248,2.1739926,1.1011192,1.3251898,1.539281,0.0,2.1865137,0.0,1.2791733,0.0,0.0,0.0,0.0,1.939967,0.0,0.6515295,1.9809277,2.2925735,1.8397167,0.0,1.4872597,1.6659334,0.5874717,2.8100798,0.43737066,1.4648033,1.2367702,0.0,1.8033313
239,1.0990525,1.5346382,3.0405374,1.5833066,0.0,2.8861966,0.0,2.1987798,0.0,1.8286501,0.64442307,3.0271492,2.6179569,1.3899801,1.5393413,1.6362778,0.0,2.8741567,0.0,1.3122144,0.0,0.0,0.0,0.0,2.1309965,0.0,0.7987129,1.6339215,2.3958566,2.280247,0.0,1.6796267,2.088103,0.75431705,2.891511,0.61857724,1.6932558,1.3514371,0.0,2.114352
240,1.3098388,1.9527404,2.7654204,2.0314972,0.0,2.9024422,0.0,2.398184,0.0,2.8211832,0.9403155,3.073716,3.0825202,1.9595519,1.9797956,1.9776354,0.0,3.844662,0.0,1.4924024,0.0,0.0,0.0,0.0,2.4445755,0.0,1.1888288,1.2893302,2.59035,2.921199,0.0,2.1235662,2.6008832,1.2544055,3.0407865,0.9869859,2.0626118,1.6300703,0.0,2.5321667
241,1.6779594,2.3107595,2.194028,2.3888054,0.0,2.7562008,0.0,2.3146963,0.0,3.529023,1.4312128,2.9846013,3.1186237,2.4929633,2.3969388,2.2859933,0.0,4.4145646,0.0,1.6134571,0.0,0.0,0.0,0.0,2.5033853,0.0,1.6260053,0.9247027,2.6337469,3.3066957,0.0,2.554302,2.8893867,1.8883169,2.915671,1.3338298,2.2838004,1.9489932,0.0,2.6311982
242,2.051323,2.4460042,1.5524024,2.4135659,0.0,2.5584397,0.0,1.9780469,0.0,3.6526482,1.9064201,2.7859442,2.7189147,2.7049332,2.6021805,2.39469,0.0,4.2916017,0.0,1.5813771,0.0,0.0,0.0,0.0,2.216668,0.0,1.9157952,0.685278,2.4538662,3.232073,0.0,2.748282,2.8088434,2.3632054,2.548847,1.5063175,2.3301728,2.1847255,0.0,2.3585463
243,2.3943784,2.5030563,1.2182193,2.2588646,0.0,2.5629718,0.0,1.6732893,0.0,3.4334965,2.3550863,2.7066414,2.2634654,2.7067227,2.6803117,2.3915756,0.0,3.8328607,0.0,1.5132164,0.0,0.0,0.0,0.0,1.8357759,0.0,2.044929,0.6838626,2.26501,2.963764,0.0,2.853054,2.585853,2.6665306,2.2472742,1.5447878,2.3258886,2.3925323,0.0,1.9671124
244,2.6503537,2.5662675,1.1866221,2.0521843,0.0,2.73126,0.0,1.502069,0.0,3.090981,2.7041686,2.7568781,1.9099284,2.6192331,2.7383344,2.3397908,0.0,3.338752,0.0,1.4860437,0.0,0.0,0.0,0.0,1.462985,0.0,2.1075354,0.8478084,2.1084442,2.6432965,0.0,2.9133842,2.3867183,2.8533056,2.0966098,1.4923376,2.348281,2.6008725,0.0,1.6493331
245,2.8077264,2.6343453,1.2927307,1.834933,0.0,2.920056,0.0,1.4625769,0.0,2.7050655,2.9297695,2.8572721,1.7074338,2.4878569,2.7345018,2.2452967,0.0,2.8521233,0.0,1.4448515,0.0,0.0,0.0,0.0,1.1329647,0.0,2.1020823,1.0458595,1.9756454,2.3525724,0.0,2.9246514,2.201692,2.9057236,2.0527403,1.4020802,2.3536298,2.7755988,0.0,1.4019929
246,2.8824558,2.7375562,1.5148128,1.6097718,0.0,3.1488428,0.0,1.5012914,0.0,2.329074,3.052544,3.002097,1.6260635,2.3486397,2.6996536,2.1293159,0.0,2.466543,0.0,1.4248902,0.0,0.0,0.0,0.0,0.8524897,0.0,2.0862656,1.2663878,1.830767,2.1240964,0.0,2.9112775,2.0950532,2.9205592,2.100641,1.3253378,2.3881307,2.9480255,0.0,1.2252891
247,2.9141846,2.9054673,1.8197447,1.4240646,0.0,3.3326626,0.0,1.6387136,0.0,1.983488,3.1282299,3.1649077,1.71499,2.2558978,2.6750824,2.0318887,0.0,2.1677754,0.0,1.4259369,0.0,0.0,0.0,0.0,0.63548,0.0,2.0687532,1.5331932,1.7055103,1.9721518,0.0,2.9116127,2.032078,2.8970156,2.265637,1.2577795,2.4567761,3.0923164,0.0,1.1529266
248,2.890455,3.1876767,2.1533194,1.3194941,0.0,3.4211671,0.0,1.8553466,0.0,1.6825362,3.0928288,3.3321178,1.9655234,2.2458768,2.6707976,1.9621822,0.0,2.0211847,0.0,1.4344997,0.0,0.0,0.0,0.0,0.53409994,0.0,2.0703444,1.821856,1.575074,1.9225479,0.0,2.8884914,2.0568535,2.8288767,2.5175595,1.2484204,2.5575616,3.1948254,0.0,1.1900597
249,2.6727097,3.5017145,2.3432465,1.2020236,0.0,3.2033453,0.0,2.0661097,0.0,1.318307,2.7870765,3.3518548,2.3255866,2.2811852,2.5986726,1.8340819,0.0,1.9443235,0.0,1.3575665,0.0,0.0,0.0,0.0,0.5291361,0.0,2.038631,2.0584223,1.3408297,1.9119465,0.0,2.6895728,2.050736,2.5521662,2.8060136,1.2699808,2.5833774,3.119678,0.0,1.2804565
250,2.0892236,3.6182482,2.2309742,1.1780698,0.0,2.4233994,0.0,2.1667564,0.0,0.90917474,1.9916224,3.0710504,2.7513013,2.3605428,2.42648,1.6850363,0.0,1.9786305,0.0,1.1499592,0.0,0.0,0.0,0.0,0.8384651,0.0,1.9092084,2.1957152,1.0649681,2.0019479,0.0,2.2038815,2.0021908,1.9230056,3.0225635,1.3386539,2.4250557,2.7059724,0.0,1.4957669
251,1.4187319,3.2313213,1.8072795,1.3875935,0.0,1.4751348,0.0,2.1015637,0.0,0.9558077,1.0027167,2.5783236,3.0118585,2.4961667,2.3169456,1.6723644,0.0,2.2320058,0.0,1.0564538,0.0,0.0,0.0,0.0,1.727768,0.0,1.8892597,2.2436182,1.0782202,2.2805493,0.0,1.6945893,1.9737377,1.2679765,3.0362742,1.5790085,2.1111274,2.033086,0.0,1.8982413
252,1.0663546,2.6258852,1.3143554,1.6110368,0.0,0.98672646,0.0,1.9474236,0.0,1.339266,0.48879653,2.144498,2.8531778,2.5069675,2.299874,1.7962191,0.0,2.47962,0.0,1.0755059,0.0,0.0,0.0,0.0,2.5447943,0.0,1.9517606,2.1516693,1.3592633,2.5086682,0.0,1.4584254,1.9564021,1.0390621,2.821683,1.7825896,1.8360225,1.5596716,0.0,2.1474953
253,0.90358084,2.0678437,0.8994416,1.6632056,0.0,0.83586586,0.0,1.8182923,0.0,1.7489082,0.35339862,1.7244201,2.491311,2.4329095,2.304618,1.8385158,0.0,2.5297377,0.0,1.0557986,0.0,0.0,0.0,0.0,2.9676588,0.0,2.0150764,2.0191138,1.6261781,2.581491,0.0,1.379089,1.9077947,1.002127,2.4890668,1.8650335,1.613294,1.3845776,0.0,2.1606598
254,1.0107335,1.7970729,0.76422703,1.6988614,0.0,1.1366773,0.0,1.8735491,0.0,2.2732465,0.6308651,1.4952173,2.204339,2.4464543,2.530029,1.9141278,0.0,2.6120498,0.0,1.1656988,0.0,0.0,0.0,0.0,3.2729294,0.0,2.2351828,2.042457,2.0154967,2.7322667,0.0,1.5918124,2.0079937,1.2608254,2.382899,1.9784483,1.5946836,1.5829052,0.0,2.1566727
255,1.1011488,1.5820224,0.758705,1.6019764,0.0,1.5879261,0.0,2.0001087,0.0,2.7219725,1.0627078,1.247106,1.8453164,2.332147,2.6998498,1.8588408,0.0,2.540535,0.0,1.2646512,0.0,0.0,0.0,0.0,3.2519534,0.0,2.4064233,2.028645,2.3216612,2.7195714,0.0,1.8392254,2.0707603,1.5713773,2.261399,2.0039923,1.5984379,1.8870393,0.0,2.0132003
256,1.1494594,1.4111556,0.8616775,1.3874227,0.0,2.0402572,0.0,2.1357536,0.0,2.9662743,1.581087,0.95457506,1.414555,2.016417,2.722069,1.6459286,0.0,2.261487,0.0,1.3451859,0.0,0.0,0.0,0.0,2.8708234,0.0,2.418263,1.9211191,2.4803083,2.4843695,0.0,2.0319822,2.0476303,1.912157,2.0804396,1.9142709,1.5632876,2.1865819,0.0,1.7276658
257,1.2790363,1.4014019,1.1659901,1.2442985,0.0,2.5030086,0.0,2.3148236,0.0,3.0846524,2.1785135,0.8975149,1.1885437,1.6929824,2.7462623,1.4648144,0.0,1.9940541,0.0,1.5369164,0.0,0.0,0.0,0.0,2.4255736,0.0,2.406186,1.848424,2.5702798,2.2544649,0.0,2.271393,2.010076,2.3160725,2.0940964,1.8700042,1.6343021,2.497829,0.0,1.5356936
258,1.3702933,1.4737267,1.4840845,1.2271235,0.0,2.8150349,0.0,2.5098305,0.0,3.0819507,2.6674492,0.98709637,1.185306,1.4731363,2.6728647,1.3664312,0.0,1.8014272,0.0,1.7624496,0.0,0.0,0.0,0.0,2.0628326,0.0,2.3776367,1.79333,2.5074975,2.002558,0.0,2.3827455,2.00845,2.6709433,2.142869,1.8621513,1.6906308,2.7276363,0.0,1.4761555
259,1.5561539,1.6821903,1.8139572,1.3013741,0.0,2.9718084,0.0,2.7021496,0.0,3.0247893,3.0442944,1.1041985,1.317393,1.425807,2.683356,1.3728517,0.0,1.7185413,0.0,2.0769596,0.0,0.0,0.0,0.0,1.8224195,0.0,2.364151,1.7707773,2.498305,1.8780642,0.0,2.5036113,2.0436149,3.0244694,2.318039,2.0154142,1.8489851,2.860056,0.0,1.4737843
260,1.7293137,1.9436526,2.054509,1.4026589,0.0,2.9172664,0.0,2.8549361,0.0,2.854467,3.2962673,1.1772059,1.4460579,1.446651,2.6366477,1.4066335,0.0,1.6664935,0.0,2.4102013,0.0,0.0,0.0,0.0,1.6603394,0.0,2.3102846,1.6920834,2.4519176,1.7230611,0.0,2.5153995,2.0273693,3.32024,2.5005136,2.2292776,1.9898566,2.8492868,0.0,1.4557848
261,1.8126782,2.1641705,2.1681223,1.5096438,0.0,2.65034,0.0,2.946511,0.0,2.4877372,3.3938038,1.1900897,1.5452217,1.5068606,2.4249184,1.5063546,0.0,1.5968738,0.0,2.718472,0.0,0.0,0.0,0.0,1.5671463,0.0,2.1816194,1.5556955,2.2967904,1.4276631,0.0,2.2879112,1.9155895,3.4532428,2.6163256,2.3686905,2.0031543,2.6561315,0.0,1.3724974
262,2.0168543,2.4542475,2.3317277,1.7289131,0.0,2.3325856,0.0,2.9275236,0.0,2.015812,3.3387527,1.3693368,1.7264019,1.7348074,2.1628785,1.7452152,0.0,1.638204,0.0,3.0539386,0.0,0.0,0.0,0.0,1.6663692,0.0,2.0023634,1.5259285,2.1830046,1.1068329,0.0,1.9736298,1.7899001,3.5309532,2.7596238,2.5268574,2.0701354,2.3014932,0.0,1.3244481
263,2.2413416,2.7142723,2.44964,1.9399686,0.0,2.0102444,0.0,2.6128273,0.0,1.2920276,2.8294485,1.7351345,1.7386928,1.9343402,1.7165349,1.9579505,0.0,1.6540989,0.0,3.132908,0.0,0.0,0.0,0.0,1.8131022,0.0,1.6885331,1.6160419,1.9616,0.76741445,0.0,1.4784669,1.5391344,3.1884406,2.758189,2.4852352,1.9877049,1.74558,0.0,1.1978316
264,2.4046602,2.827943,2.624185,2.0359886,0.0,2.042771,0.0,2.144643,0.0,0.76768714,2.126224,2.2802773,1.6459538,2.0010707,1.3258011,2.028111,0.0,1.7022681,0.0,2.8443406,0.0,0.0,0.0,0.0,1.9106785,0.0,1.4250922,1.8968613,1.8007895,0.6810017,0.0,1.160659,1.3136785,2.5719543,2.6606266,2.1930647,1.8435681,1.2421018,0.0,1.1231261
265,2.4996896,2.8409474,2.8495128,1.9782526,0.0,2.3874054,0.0,1.8221757,0.0,0.5873771,1.6881692,2.696038,1.5583246,1.8944963,1.1877989,1.9060737,0.0,1.746883,0.0,2.4664009,0.0,0.0,0.0,0.0,1.9186745,0.0,1.304561,2.227226,1.7403837,0.84372795,0.0,1.1301037,1.2205111,2.1181312,2.606167,1.8955303,1.7673289,1.0622379,0.0,1.1309009
266,2.5550296,2.810431,3.1267893,1.896486,0.0,2.849966,0.0,1.6665205,0.0,0.6322548,1.4524074,2.9803,1.4909209,1.6891203,1.1239203,1.6813694,0.0,1.7590264,0.0,2.1146603,0.0,0.0,0.0,0.0,1.7886376,0.0,1.244793,2.5335476,1.745929,1.0904427,0.0,1.270535,1.2238348,1.8561183,2.587948,1.6125889,1.7103521,1.0437614,0.0,1.2006675
267,2.6060941,2.7721412,3.413081,1.8140547,0.0,3.3011541,0.0,1.6477771,0.0,0.8029662,1.4142064,3.1557224,1.479509,1.4393601,1.1361364,1.4088435,0.0,1.7577043,0.0,1.8450526,0.0,0.0,0.0,0.0,1.5946753,0.0,1.222366,2.8009343,1.7816609,1.4055101,0.0,1.5153223,1.279867,1.7846053,2.6388052,1.4137194,1.7030605,1.1151123,0.0,1.3396688
268,2.6131527,2.722485,3.6536386,1.7315673,0.0,3.6588573,0.0,1.7015499,0.0,1.026025,1.4807111,3.2632797,1.5104483,1.191937,1.2043843,1.1434636,0.0,1.7485332,0.0,1.6559602,0.0,0.0,0.0,0.0,1.3740726,0.0,1.2133878,2.9872582,1.805698,1.7280648,0.0,1.7812194,1.3331842,1.7960691,2.7376416,1.3187732,1.7044185,1.1788609,0.0,1.533949
269,2.5633183,2.5968826,3.7685711,1.643072,0.0,3.8076854,0.0,1.747873,0.0,1.1923299,1.5706067,3.2593472,1.5300418,0.932634,1.2494088,0.87955576,0.0,1.6792083,0.0,1.5013953,0.0,0.0,0.0,0.0,1.1262114,0.0,1.1725729,3.0552118,1.7688535,2.0083175,0.0,1.9921546,1.3275715,1.8095087,2.8128617,1.2707378,1.6683207,1.1634125,0.0,1.7237816
270,2.5186718,2.4232628,3.792004,1.5907987,0.0,3.7887423,0.0,1.7790891,0.0,1.3096238,1.6766585,3.2206488,1.5587146,0.72864956,1.2831031,0.6668191,0.0,1.5860722,0.0,1.3794192,0.0,0.0,0.0,0.0,0.89756715,0.0,1.134596,3.058356,1.6991385,2.2665422,0.0,2.1620636,1.2951988,1.8214271,2.8842785,1.3040042,1.6202068,1.0675125,0.0,1.9305192
271,2.4967897,2.1807332,3.729445,1.5840346,0.0,3.6203134,0.0,1.8117605,0.0,1.4000815,1.8148168,3.1993926,1.614052,0.5688327,1.3590018,0.54604304,0.0,1.4891877,0.0,1.3735065,0.0,0.0,0.0,0.0,0.75745106,0.0,1.097339,3.0202646,1.6283149,2.515234,0.0,2.3349736,1.216292,1.8416023,3.0127685,1.4321252,1.5829623,0.95933014,0.0,2.1980493
272,2.4630735,1.8075333,3.5082586,1.5996512,0.0,3.304482,0.0,1.8288472,0.0,1.4308592,1.9734768,3.1972873,1.6687421,0.4793353,1.4569234,0.55345774,0.0,1.3686903,0.0,1.4684902,0.0,0.0,0.0,0.0,0.71443474,0.0,1.0973722,2.920291,1.5604117,2.7163014,0.0,2.4479082,1.1025434,1.8216368,3.148056,1.6612757,1.5185237,0.83165044,0.0,2.5016904
273,2.296395,1.142791,2.9332607,1.5390602,0.0,2.6974432,0.0,1.7150449,0.0,1.298694,2.0281124,3.0525777,1.6077046,0.4195631,1.4377079,0.6543226,0.0,1.1059489,0.0,1.5960115,0.0,0.0,0.0,0.0,0.73079294,0.0,1.0667349,2.6273518,1.4081415,2.65828,0.0,2.363525,0.8627775,1.5984983,3.0997152,1.8899735,1.3064665,0.6814043,0.0,2.6745856
274,2.1984065,0.47532153,2.1919436,1.5633534,0.0,2.209422,0.0,1.6444286,0.0,1.2679731,2.1459672,3.0158947,1.6408888,0.696357,1.4822962,1.0697591,0.0,1.012314,0.0,1.9673847,0.0,0.0,0.0,0.0,1.1056976,0.0,1.2921715,2.3418608,1.4232994,2.4286158,0.0,2.3582096,0.77951,1.3471715,3.0846317,2.203845,1.1846652,0.8506128,0.0,2.8102472
275,2.0787861,0.0,1.4960152,1.5663335,0.0,1.9494872,0.0,1.601851,0.0,1.259788,2.1711025,2.8943565,1.6381167,1.0265971,1.4778811,1.5553756,0.0,0.9310286,0.0,2.3221498,0.0,0.0,0.0,0.0,1.554697,0.0,1.518094,2.023598,1.5039642,1.9007978,0.0,2.2347786,0.79878914,1.1013567,2.8860996,2.3455315,1.0339582,1.2870772,0.0,2.6320343
276,2.0076237,0.0,1.184208,1.61127,0.0,2.1482954,0.0,1.679251,0.0,1.3706237,2.1830962,2.8435485,1.7210804,1.3532367,1.4442433,1.889247,0.0,0.97783816,0.0,2.6194937,0.0,0.0,0.0,0.0,1.9141409,0.0,1.7606343,1.8897288,1.6945688,1.3751957,0.0,2.1719935,1.0161265,0.9555313,2.662199,2.3556948,1.0263826,1.8761632,0.0,2.2918687
277,1.8811452,0.1287735,1.223962,1.6253254,0.0,2.6063833,0.0,1.7572626,0.0,1.4427297,2.0684628,2.7564726,1.803573,1.5503267,1.3658674,1.9040601,0.0,0.9981828,0.0,2.7057457,0.0,0.0,0.0,0.0,1.9824061,0.0,1.8930405,1.8643064,1.8680218,0.9030675,0.0,2.1391957,1.2814053,0.89265853,2.447417,2.2416372,1.0107747,2.3548346,0.0,1.8347903
278,1.7362908,0.47546035,1.3451492,1.6655273,0.0,3.0104814,0.0,1.8462955,0.0,1.466633,1.9034594,2.52553,1.8715848,1.6228428,1.1709071,1.7288046,0.0,1.0727229,0.0,2.6880467,0.0,0.0,0.0,0.0,1.8603094,0.0,1.820489,1.8098947,1.9848357,0.54680926,0.0,2.162873,1.4910599,0.8386242,2.1638963,1.95565,0.9689382,2.6667562,0.0,1.4207541
279,1.681456,0.8968333,1.512696,1.7911581,0.0,3.3375063,0.0,1.9209603,0.0,1.4547867,1.8111434,2.337022,1.9517754,1.6718299,1.0226701,1.4510238,0.0,1.1747271,0.0,2.611376,0.0,0.0,0.0,0.0,1.6589776,0.0,1.6729879,1.7704355,2.0318606,0.41505566,0.0,2.2484431,1.655062,0.93319553,1.9652213,1.6801832,0.9468335,2.8195822,0.0,1.2112103
280,1.6286902,1.3171165,1.6944802,1.9146127,0.0,3.5411057,0.0,1.8831705,0.0,1.401869,1.7316402,2.2340155,2.0875468,1.6912823,0.998145,1.1718385,0.0,1.2571497,0.0,2.471526,0.0,0.0,0.0,0.0,1.4790328,0.0,1.5326624,1.7243047,2.0520797,0.44162956,0.0,2.3264272,1.7845212,1.1229091,1.8386762,1.5011427,0.9656494,2.7943478,0.0,1.0851552
281,1.5505192,1.6208951,1.6922127,2.0301242,0.0,3.5202954,0.0,1.7297796,0.0,1.2350662,1.5957186,2.1494856,2.2247791,1.6955941,0.99638546,0.92911327,0.0,1.2767037,0.0,2.3001728,0.0,0.0,0.0,0.0,1.3227161,0.0,1.3305026,1.5989501,1.9904568,0.4795581,0.0,2.342438,1.791914,1.3002559,1.6578068,1.3569777,0.95915014,2.597414,0.0,1.0363092
282,1.4195997,1.7564034,1.4432726,2.152593,0.0,3.2060366,0.0,1.4219725,0.0,0.97309595,1.3959435,2.0661905,2.3389847,1.6890371,1.0505275,0.73565865,0.0,1.2064564,0.0,2.082423,0.0,0.0,0.0,0.0,1.2533677,0.0,1.0945323,1.3423978,1.8393012,0.45059037,0.0,2.2287662,1.6701456,1.4501796,1.3794206,1.2562075,0.9401044,2.2594142,0.0,1.0215669
283,1.329772,1.7547569,1.0158957,2.2890103,0.0,2.700213,0.0,0.9720635,0.0,0.6889054,1.1599516,2.1235538,2.5400338,1.7294313,1.2653965,0.7183237,0.0,1.1245785,0.0,1.869532,0.0,0.0,0.0,0.0,1.4357016,0.0,0.9600595,1.0252848,1.6520561,0.51103985,0.0,2.055874,1.4815458,1.6841068,1.0679768,1.2776232,1.0075923,1.8053994,0.0,1.1724484
284,1.3996018,1.7405823,0.6142398,2.419479,0.0,2.0939856,0.0,0.5725169,0.0,0.6450936,1.0355954,2.4043834,2.8019993,1.8880157,1.8079962,1.1088713,0.0,1.2053039,0.0,1.7793125,0.0,0.0,0.0,0.0,1.9784863,0.0,1.0644708,0.9420979,1.5218173,0.80936825,0.0,1.9162349,1.328041,2.025462,0.97712964,1.4373778,1.3155011,1.360663,0.0,1.5458314
285,1.4745898,1.5473931,0.4211379,2.3931885,0.0,1.5046084,0.0,0.3429594,0.0,0.90189505,1.0026217,2.69895,2.8021703,1.8946908,2.3625164,1.580931,0.0,1.3751068,0.0,1.6807679,0.0,0.0,0.0,0.0,2.5737803,0.0,1.344066,0.98787755,1.3845019,1.1766059,0.0,1.6938246,1.1842874,2.2782207,1.0256764,1.6396779,1.6442325,1.1270494,0.0,1.91979
286,1.5424988,1.3374834,0.4539176,2.2657046,0.0,1.1819947,0.0,0.28318506,0.0,1.2577499,0.9943553,2.8850422,2.70745,1.8038645,2.743556,1.964381,0.0,1.537864,0.0,1.5926774,0.0,0.0,0.0,0.0,2.9553373,0.0,1.6134762,1.1324395,1.2811326,1.4852173,0.0,1.5164009,1.1290945,2.378197,1.1476825,1.7889816,1.8679518,1.1036577,0.0,2.1362004
287,1.5785128,1.20119,0.6175462,2.1325464,0.0,1.0709517,0.0,0.35533133,0.0,1.6206824,0.9881168,3.0139616,2.6551695,1.6981678,2.9517472,2.1643424,0.0,1.6714098,0.0,1.5156417,0.0,0.0,0.0,0.0,3.2011495,0.0,1.814941,1.2902253,1.1890239,1.7151622,0.0,1.4120256,1.1620011,2.423212,1.275438,1.9080997,2.0296807,1.1889143,0.0,2.2572877
288,1.5330216,1.0761919,0.79593104,1.9481881,0.0,0.9904837,0.0,0.43662646,0.0,1.9295961,0.9031475,3.0347307,2.5792623,1.539232,3.018796,2.1962166,0.0,1.7484431,0.0,1.3633066,0.0,0.0,0.0,0.0,3.2783551,0.0,1.9063603,1.3753009,1.0381385,1.8850611,0.0,1.3011383,1.1923167,2.3903203,1.3187935,1.9790279,2.08314,1.2590517,0.0,2.284938
289,1.4689279,1.0153916,1.0062774,1.7328769,0.0,0.9512908,0.0,0.5538965,0.0,2.2321577,0.7741274,3.004443,2.518867,1.3886662,3.0085113,2.1088448,0.0,1.8355074,0.0,1.140722,0.0,0.0,0.0,0.0,3.215366,0.0,1.9174484,1.4222977,0.8681724,2.0925276,0.0,1.2419628,1.2626693,2.3352976,1.3469659,2.0563395,2.1009886,1.3249223,0.0,2.2853408
290,1.3714691,1.0034592,1.2213925,1.4686958,0.0,0.93900716,0.0,0.71263677,0.0,2.4708605,0.6051432,2.8976443,2.4387274,1.283448,2.8877785,1.9063203,0.0,1.9280299,0.0,0.8454439,0.0,0.0,0.0,0.0,2.947763,0.0,1.7990013,1.389488,0.7116938,2.3266993,0.0,1.2535614,1.3728544,2.2303278,1.359117,2.1104712,2.0646677,1.3357521,0.0,2.2177746
291,1.3920895,1.1543393,1.4699124,1.2974367,0.0,1.0885091,0.0,0.9791127,0.0,2.6770563,0.5703033,2.8308241,2.4151387,1.3698709,2.7984302,1.7275916,0.0,2.1524389,0.0,0.6244827,0.0,0.0,0.0,0.0,2.603962,0.0,1.6803997,1.359263,0.7650269,2.6696746,0.0,1.5000869,1.5920371,2.1946874,1.5561718,2.2009501,2.0743718,1.3851023,0.0,2.2217307
292,1.5786351,1.4160098,1.6747807,1.2189898,0.0,1.3885653,0.0,1.3278403,0.0,2.8053408,0.69665146,2.8485293,2.456703,1.7043287,2.7675745,1.7323389,0.0,2.4470725,0.0,0.601595,0.0,0.0,0.0,0.0,2.2976122,0.0,1.5641881,1.3712798,1.0462965,3.0356863,0.0,1.9508016,1.8584799,2.2506943,1.8823346,2.278778,2.12918,1.4703897,0.0,2.2886434
293,1.8215872,1.7214837,1.7513639,1.2598919,0.0,1.7477014,0.0,1.6472334,0.0,2.8771148,0.9026664,2.9929664,2.591183,2.1651342,2.8704855,1.9258778,0.0,2.7654645,0.0,0.7772195,0.0,0.0,0.0,0.0,2.1779544,0.0,1.569991,1.354306,1.4699742,3.2905939,0.0,2.4289162,2.1243427,2.4281278,2.2471313,2.3688436,2.30193,1.6434162,0.0,2.4241233
294,2.0263996,1.8855064,1.6305041,1.3419595,0.0,1.9986265,0.0,1.8383703,0.0,2.8532915,1.1042598,3.1550143,2.6908455,2.599696,3.0099943,2.2244992,0.0,2.9369442,0.0,1.0468919,0.0,0.0,0.0,0.0,2.1845334,0.0,1.6168741,1.249851,1.8870949,3.3597217,0.0,2.7862315,2.2806246,2.5941594,2.5109863,2.3767695,2.4711888,1.7750785,0.0,2.5440664
295,2.144688,1.868552,1.3180763,1.456559,0.0,2.1015189,0.0,1.9029406,0.0,2.77744,1.250343,3.2735226,2.7061124,2.8875353,3.1170957,2.5306587,0.0,2.9361591,0.0,1.3536754,0.0,0.0,0.0,0.0,2.2829897,0.0,1.7127181,1.0591879,2.2127566,3.1745675,0.0,2.9439638,2.2819839,2.7002718,2.615887,2.271121,2.588675,1.8966691,0.0,2.6225138
296,2.271516,1.8306127,1.0621309,1.6693149,0.0,2.2449574,0.0,1.9393924,0.0,2.7819793,1.4700494,3.4591234,2.7693107,3.0852334,3.2526088,2.8542666,0.0,2.8691006,0.0,1.8115281,0.0,0.0,0.0,0.0,2.530544,0.0,1.9390963,0.94600576,2.5112634,2.8419359,0.0,3.0174139,2.2422419,2.8261952,2.6953428,2.177103,2.7407615,2.1102424,0.0,2.7140727
297,2.27665,1.6595461,0.8210398,1.8641059,0.0,2.27008,0.0,1.9145199,0.0,2.7671845,1.6866981,3.510575,2.7195537,2.9893415,3.2320676,2.9869962,0.0,2.6229317,0.0,2.224097,0.0,0.0,0.0,0.0,2.6942465,0.0,2.1697285,0.9142321,2.6081161,2.2737405,0.0,2.8852828,2.1110845,2.8458948,2.56901,2.0576477,2.7578707,2.300475,0.0,2.6999753
298,2.3046594,1.5439453,0.74356604,2.1511338,0.0,2.3481498,0.0,1.9803655,0.0,2.8334422,2.0396476,3.4803112,2.6830943,2.7581918,3.176241,2.9947567,0.0,2.3934882,0.0,2.6232479,0.0,0.0,0.0,0.0,2.8515713,0.0,2.450763,1.0928272,2.6001635,1.7751402,0.0,2.7566953,2.0122323,2.8238635,2.4352314,2.0032563,2.7106748,2.5485272,0.0,2.664631
299,2.2262025,1.383246,0.66270506,2.335368,0.0,2.2237227,0.0,1.9710401,0.0,2.7471995,2.3643332,3.1227305,2.4576466,2.3163974,2.860615,2.6918247,0.0,2.0969045,0.0,2.8075235,0.0,0.0,0.0,0.0,2.7088552,0.0,2.51867,1.2498182,2.3509178,1.2494855,0.0,2.4575763,1.8372965,2.6651201,2.1233325,1.9231206,2.415913,2.6076953,0.0,2.4730222
